session_id,reply_link_id,comment_id,comment_first_seen_ms,candidate_reply_event_id,candidate_reply_start_ms,response_link_type,response_latency_ms,link_evidence,alternative_link_candidates,confidence,arbitration_status,completion_status
latest_live_01,latest_live_01-RPLY00001,latest_live_01-COM00001,0,latest_live_01-SEM0001-000000000160,160,insufficient_source_evidence,160,comment_visible_then_host_speech_nearby_but_no_direct_address_proof,prompted_comment;topic_related_not_causal;unanswered,0.35,insufficient_source_evidence,partial
latest_live_01,latest_live_01-RPLY00002,latest_live_01-COM00002,0,latest_live_01-SEM0001-000000000160,160,insufficient_source_evidence,160,comment_visible_then_host_speech_nearby_but_no_direct_address_proof,prompted_comment;topic_related_not_causal;unanswered,0.35,insufficient_source_evidence,partial
latest_live_01,latest_live_01-RPLY00003,latest_live_01-COM00003,300000,latest_live_01-SEM0010-000000322680,322680,insufficient_source_evidence,22680,comment_visible_then_host_speech_nearby_but_no_direct_address_proof,prompted_comment;topic_related_not_causal;unanswered,0.35,insufficient_source_evidence,partial
latest_live_01,latest_live_01-RPLY00004,latest_live_01-COM00004,300000,latest_live_01-SEM0010-000000322680,322680,insufficient_source_evidence,22680,comment_visible_then_host_speech_nearby_but_no_direct_address_proof,prompted_comment;topic_related_not_causal;unanswered,0.35,insufficient_source_evidence,partial
latest_live_01,latest_live_01-RPLY00005,latest_live_01-COM00005,300000,latest_live_01-SEM0010-000000322680,322680,insufficient_source_evidence,22680,comment_visible_then_host_speech_nearby_but_no_direct_address_proof,prompted_comment;topic_related_not_causal;unanswered,0.35,insufficient_source_evidence,partial
latest_live_01,latest_live_01-RPLY00006,latest_live_01-COM00006,600000,latest_live_01-SEM0023-000000592680,592680,topic_related_not_causal,-7320,host_speech_temporally_near_comment_but_delta_outside_direct_reply_window,prompted_comment;topic_related_not_causal;unanswered,0.22,topic_related_not_causal,partial
latest_live_01,latest_live_01-RPLY00007,latest_live_01-COM00007,600000,latest_live_01-SEM0023-000000592680,592680,topic_related_not_causal,-7320,host_speech_temporally_near_comment_but_delta_outside_direct_reply_window,prompted_comment;topic_related_not_causal;unanswered,0.22,topic_related_not_causal,partial
latest_live_01,latest_live_01-RPLY00008,latest_live_01-COM00008,600000,latest_live_01-SEM0023-000000592680,592680,topic_related_not_causal,-7320,host_speech_temporally_near_comment_but_delta_outside_direct_reply_window,prompted_comment;topic_related_not_causal;unanswered,0.22,topic_related_not_causal,partial
latest_live_01,latest_live_01-RPLY00009,latest_live_01-COM00009,900000,latest_live_01-SEM0039-000000896920,896920,topic_related_not_causal,-3080,host_speech_temporally_near_comment_but_delta_outside_direct_reply_window,prompted_comment;topic_related_not_causal;unanswered,0.22,topic_related_not_causal,partial
latest_live_01,latest_live_01-RPLY00010,latest_live_01-COM00010,900000,latest_live_01-SEM0039-000000896920,896920,topic_related_not_causal,-3080,host_speech_temporally_near_comment_but_delta_outside_direct_reply_window,prompted_comment;topic_related_not_causal;unanswered,0.22,topic_related_not_causal,partial
latest_live_01,latest_live_01-RPLY00011,latest_live_01-COM00011,900000,latest_live_01-SEM0039-000000896920,896920,topic_related_not_causal,-3080,host_speech_temporally_near_comment_but_delta_outside_direct_reply_window,prompted_comment;topic_related_not_causal;unanswered,0.22,topic_related_not_causal,partial
latest_live_01,latest_live_01-RPLY00012,latest_live_01-COM00012,1200000,latest_live_01-SEM0046-000001214480,1214480,insufficient_source_evidence,14480,comment_visible_then_host_speech_nearby_but_no_direct_address_proof,prompted_comment;topic_related_not_causal;unanswered,0.35,insufficient_source_evidence,partial
latest_live_01,latest_live_01-RPLY00013,latest_live_01-COM00013,1500000,latest_live_01-SEM0061-000001501960,1501960,insufficient_source_evidence,1960,comment_visible_then_host_speech_nearby_but_no_direct_address_proof,prompted_comment;topic_related_not_causal;unanswered,0.35,insufficient_source_evidence,partial
latest_live_01,latest_live_01-RPLY00014,latest_live_01-COM00014,1500000,latest_live_01-SEM0061-000001501960,1501960,insufficient_source_evidence,1960,comment_visible_then_host_speech_nearby_but_no_direct_address_proof,prompted_comment;topic_related_not_causal;unanswered,0.35,insufficient_source_evidence,partial
latest_live_01,latest_live_01-RPLY00015,latest_live_01-COM00015,1800000,latest_live_01-SEM0076-000001797750,1797750,topic_related_not_causal,-2250,host_speech_temporally_near_comment_but_delta_outside_direct_reply_window,prompted_comment;topic_related_not_causal;unanswered,0.22,topic_related_not_causal,partial
latest_live_01,latest_live_01-RPLY00016,latest_live_01-COM00016,2100000,latest_live_01-SEM0092-000002104970,2104970,insufficient_source_evidence,4970,comment_visible_then_host_speech_nearby_but_no_direct_address_proof,prompted_comment;topic_related_not_causal;unanswered,0.35,insufficient_source_evidence,partial
latest_live_01,latest_live_01-RPLY00017,latest_live_01-COM00017,2100000,latest_live_01-SEM0092-000002104970,2104970,insufficient_source_evidence,4970,comment_visible_then_host_speech_nearby_but_no_direct_address_proof,prompted_comment;topic_related_not_causal;unanswered,0.35,insufficient_source_evidence,partial
latest_live_01,latest_live_01-RPLY00018,latest_live_01-COM00018,2400000,latest_live_01-SEM0104-000002407810,2407810,insufficient_source_evidence,7810,comment_visible_then_host_speech_nearby_but_no_direct_address_proof,prompted_comment;topic_related_not_causal;unanswered,0.35,insufficient_source_evidence,partial
latest_live_01,latest_live_01-RPLY00019,latest_live_01-COM00019,2400000,latest_live_01-SEM0104-000002407810,2407810,insufficient_source_evidence,7810,comment_visible_then_host_speech_nearby_but_no_direct_address_proof,prompted_comment;topic_related_not_causal;unanswered,0.35,insufficient_source_evidence,partial
latest_live_01,latest_live_01-RPLY00020,latest_live_01-COM00020,2400000,latest_live_01-SEM0104-000002407810,2407810,insufficient_source_evidence,7810,comment_visible_then_host_speech_nearby_but_no_direct_address_proof,prompted_comment;topic_related_not_causal;unanswered,0.35,insufficient_source_evidence,partial
latest_live_01,latest_live_01-RPLY00021,latest_live_01-COM00021,2400000,latest_live_01-SEM0104-000002407810,2407810,insufficient_source_evidence,7810,comment_visible_then_host_speech_nearby_but_no_direct_address_proof,prompted_comment;topic_related_not_causal;unanswered,0.35,insufficient_source_evidence,partial
latest_live_01,latest_live_01-RPLY00022,latest_live_01-COM00022,2400000,latest_live_01-SEM0104-000002407810,2407810,insufficient_source_evidence,7810,comment_visible_then_host_speech_nearby_but_no_direct_address_proof,prompted_comment;topic_related_not_causal;unanswered,0.35,insufficient_source_evidence,partial
latest_live_01,latest_live_01-RPLY00023,latest_live_01-COM00023,2700000,latest_live_01-SEM0115-000002691830,2691830,topic_related_not_causal,-8170,host_speech_temporally_near_comment_but_delta_outside_direct_reply_window,prompted_comment;topic_related_not_causal;unanswered,0.22,topic_related_not_causal,partial
latest_live_01,latest_live_01-RPLY00024,latest_live_01-COM00024,3000000,latest_live_01-SEM0132-000003002940,3002940,insufficient_source_evidence,2940,comment_visible_then_host_speech_nearby_but_no_direct_address_proof,prompted_comment;topic_related_not_causal;unanswered,0.35,insufficient_source_evidence,partial
latest_live_01,latest_live_01-RPLY00025,latest_live_01-COM00025,3300000,latest_live_01-SEM0142-000003321350,3321350,insufficient_source_evidence,21350,comment_visible_then_host_speech_nearby_but_no_direct_address_proof,prompted_comment;topic_related_not_causal;unanswered,0.35,insufficient_source_evidence,partial
latest_live_01,latest_live_01-RPLY00026,latest_live_01-COM00026,3600000,latest_live_01-SEM0147-000003599480,3599480,topic_related_not_causal,-520,host_speech_temporally_near_comment_but_delta_outside_direct_reply_window,prompted_comment;topic_related_not_causal;unanswered,0.22,topic_related_not_causal,partial
latest_live_01,latest_live_01-RPLY00027,latest_live_01-COM00027,3900000,latest_live_01-SEM0161-000003889200,3889200,topic_related_not_causal,-10800,host_speech_temporally_near_comment_but_delta_outside_direct_reply_window,prompted_comment;topic_related_not_causal;unanswered,0.22,topic_related_not_causal,partial
latest_live_01,latest_live_01-RPLY00028,latest_live_01-COM00028,3900000,latest_live_01-SEM0161-000003889200,3889200,topic_related_not_causal,-10800,host_speech_temporally_near_comment_but_delta_outside_direct_reply_window,prompted_comment;topic_related_not_causal;unanswered,0.22,topic_related_not_causal,partial
latest_live_01,latest_live_01-RPLY00029,latest_live_01-COM00029,4200000,latest_live_01-SEM0172-000004209530,4209530,insufficient_source_evidence,9530,comment_visible_then_host_speech_nearby_but_no_direct_address_proof,prompted_comment;topic_related_not_causal;unanswered,0.35,insufficient_source_evidence,partial
latest_live_01,latest_live_01-RPLY00030,latest_live_01-COM00030,4200000,latest_live_01-SEM0172-000004209530,4209530,insufficient_source_evidence,9530,comment_visible_then_host_speech_nearby_but_no_direct_address_proof,prompted_comment;topic_related_not_causal;unanswered,0.35,insufficient_source_evidence,partial
latest_live_01,latest_live_01-RPLY00031,latest_live_01-COM00031,4200000,latest_live_01-SEM0172-000004209530,4209530,insufficient_source_evidence,9530,comment_visible_then_host_speech_nearby_but_no_direct_address_proof,prompted_comment;topic_related_not_causal;unanswered,0.35,insufficient_source_evidence,partial
latest_live_01,latest_live_01-RPLY00032,latest_live_01-COM00032,4500000,latest_live_01-SEM0183-000004497570,4497570,topic_related_not_causal,-2430,host_speech_temporally_near_comment_but_delta_outside_direct_reply_window,prompted_comment;topic_related_not_causal;unanswered,0.22,topic_related_not_causal,partial
latest_live_01,latest_live_01-RPLY00033,latest_live_01-COM00033,4500000,latest_live_01-SEM0183-000004497570,4497570,topic_related_not_causal,-2430,host_speech_temporally_near_comment_but_delta_outside_direct_reply_window,prompted_comment;topic_related_not_causal;unanswered,0.22,topic_related_not_causal,partial
latest_live_01,latest_live_01-RPLY00034,latest_live_01-COM00034,4800000,latest_live_01-SEM0195-000004792320,4792320,topic_related_not_causal,-7680,host_speech_temporally_near_comment_but_delta_outside_direct_reply_window,prompted_comment;topic_related_not_causal;unanswered,0.22,topic_related_not_causal,partial
latest_live_01,latest_live_01-RPLY00035,latest_live_01-COM00035,4800000,latest_live_01-SEM0195-000004792320,4792320,topic_related_not_causal,-7680,host_speech_temporally_near_comment_but_delta_outside_direct_reply_window,prompted_comment;topic_related_not_causal;unanswered,0.22,topic_related_not_causal,partial
latest_live_01,latest_live_01-RPLY00036,latest_live_01-COM00036,5100000,latest_live_01-SEM0209-000005120480,5120480,insufficient_source_evidence,20480,comment_visible_then_host_speech_nearby_but_no_direct_address_proof,prompted_comment;topic_related_not_causal;unanswered,0.35,insufficient_source_evidence,partial
latest_live_01,latest_live_01-RPLY00037,latest_live_01-COM00037,5100000,latest_live_01-SEM0209-000005120480,5120480,insufficient_source_evidence,20480,comment_visible_then_host_speech_nearby_but_no_direct_address_proof,prompted_comment;topic_related_not_causal;unanswered,0.35,insufficient_source_evidence,partial
latest_live_01,latest_live_01-RPLY00038,latest_live_01-COM00038,5400000,latest_live_01-SEM0216-000005387710,5387710,topic_related_not_causal,-12290,host_speech_temporally_near_comment_but_delta_outside_direct_reply_window,prompted_comment;topic_related_not_causal;unanswered,0.22,topic_related_not_causal,partial
latest_live_01,latest_live_01-RPLY00039,latest_live_01-COM00039,5700000,latest_live_01-SEM0230-000005692080,5692080,topic_related_not_causal,-7920,host_speech_temporally_near_comment_but_delta_outside_direct_reply_window,prompted_comment;topic_related_not_causal;unanswered,0.22,topic_related_not_causal,partial
latest_live_01,latest_live_01-RPLY00040,latest_live_01-COM00040,5700000,latest_live_01-SEM0230-000005692080,5692080,topic_related_not_causal,-7920,host_speech_temporally_near_comment_but_delta_outside_direct_reply_window,prompted_comment;topic_related_not_causal;unanswered,0.22,topic_related_not_causal,partial
latest_live_01,latest_live_01-RPLY00041,latest_live_01-COM00041,5700000,latest_live_01-SEM0230-000005692080,5692080,topic_related_not_causal,-7920,host_speech_temporally_near_comment_but_delta_outside_direct_reply_window,prompted_comment;topic_related_not_causal;unanswered,0.22,topic_related_not_causal,partial
latest_live_01,latest_live_01-RPLY00042,latest_live_01-COM00042,5700000,latest_live_01-SEM0230-000005692080,5692080,topic_related_not_causal,-7920,host_speech_temporally_near_comment_but_delta_outside_direct_reply_window,prompted_comment;topic_related_not_causal;unanswered,0.22,topic_related_not_causal,partial
latest_live_02,latest_live_02-RPLY00043,latest_live_02-COM00001,0,latest_live_02-SEM0001-000000003880,3880,insufficient_source_evidence,3880,comment_visible_then_host_speech_nearby_but_no_direct_address_proof,prompted_comment;topic_related_not_causal;unanswered,0.35,insufficient_source_evidence,partial
latest_live_02,latest_live_02-RPLY00044,latest_live_02-COM00002,0,latest_live_02-SEM0001-000000003880,3880,insufficient_source_evidence,3880,comment_visible_then_host_speech_nearby_but_no_direct_address_proof,prompted_comment;topic_related_not_causal;unanswered,0.35,insufficient_source_evidence,partial
latest_live_02,latest_live_02-RPLY00045,latest_live_02-COM00003,300000,latest_live_02-SEM0012-000000285940,285940,topic_related_not_causal,-14060,host_speech_temporally_near_comment_but_delta_outside_direct_reply_window,prompted_comment;topic_related_not_causal;unanswered,0.22,topic_related_not_causal,partial
latest_live_02,latest_live_02-RPLY00046,latest_live_02-COM00004,300000,latest_live_02-SEM0012-000000285940,285940,topic_related_not_causal,-14060,host_speech_temporally_near_comment_but_delta_outside_direct_reply_window,prompted_comment;topic_related_not_causal;unanswered,0.22,topic_related_not_causal,partial
latest_live_02,latest_live_02-RPLY00047,latest_live_02-COM00005,600000,latest_live_02-SEM0024-000000594790,594790,topic_related_not_causal,-5210,host_speech_temporally_near_comment_but_delta_outside_direct_reply_window,prompted_comment;topic_related_not_causal;unanswered,0.22,topic_related_not_causal,partial
latest_live_02,latest_live_02-RPLY00048,latest_live_02-COM00006,600000,latest_live_02-SEM0024-000000594790,594790,topic_related_not_causal,-5210,host_speech_temporally_near_comment_but_delta_outside_direct_reply_window,prompted_comment;topic_related_not_causal;unanswered,0.22,topic_related_not_causal,partial
latest_live_02,latest_live_02-RPLY00049,latest_live_02-COM00007,900000,latest_live_02-SEM0032-000000981050,981050,insufficient_source_evidence,81050,comment_visible_then_host_speech_nearby_but_no_direct_address_proof,prompted_comment;topic_related_not_causal;unanswered,0.35,insufficient_source_evidence,partial
latest_live_02,latest_live_02-RPLY00050,latest_live_02-COM00008,1200000,latest_live_02-SEM0041-000001188890,1188890,topic_related_not_causal,-11110,host_speech_temporally_near_comment_but_delta_outside_direct_reply_window,prompted_comment;topic_related_not_causal;unanswered,0.22,topic_related_not_causal,partial
latest_live_02,latest_live_02-RPLY00051,latest_live_02-COM00009,1200000,latest_live_02-SEM0041-000001188890,1188890,topic_related_not_causal,-11110,host_speech_temporally_near_comment_but_delta_outside_direct_reply_window,prompted_comment;topic_related_not_causal;unanswered,0.22,topic_related_not_causal,partial
latest_live_02,latest_live_02-RPLY00052,latest_live_02-COM00010,1500000,latest_live_02-SEM0056-000001507740,1507740,insufficient_source_evidence,7740,comment_visible_then_host_speech_nearby_but_no_direct_address_proof,prompted_comment;topic_related_not_causal;unanswered,0.35,insufficient_source_evidence,partial
latest_live_02,latest_live_02-RPLY00053,latest_live_02-COM00011,1500000,latest_live_02-SEM0056-000001507740,1507740,insufficient_source_evidence,7740,comment_visible_then_host_speech_nearby_but_no_direct_address_proof,prompted_comment;topic_related_not_causal;unanswered,0.35,insufficient_source_evidence,partial
latest_live_02,latest_live_02-RPLY00054,latest_live_02-COM00012,2400000,latest_live_02-SEM0089-000002405140,2405140,insufficient_source_evidence,5140,comment_visible_then_host_speech_nearby_but_no_direct_address_proof,prompted_comment;topic_related_not_causal;unanswered,0.35,insufficient_source_evidence,partial
latest_live_02,latest_live_02-RPLY00055,latest_live_02-COM00013,3000000,latest_live_02-SEM0113-000002993010,2993010,topic_related_not_causal,-6990,host_speech_temporally_near_comment_but_delta_outside_direct_reply_window,prompted_comment;topic_related_not_causal;unanswered,0.22,topic_related_not_causal,partial
latest_live_02,latest_live_02-RPLY00056,latest_live_02-COM00014,3300000,latest_live_02-SEM0122-000003338590,3338590,insufficient_source_evidence,38590,comment_visible_then_host_speech_nearby_but_no_direct_address_proof,prompted_comment;topic_related_not_causal;unanswered,0.35,insufficient_source_evidence,partial
latest_live_02,latest_live_02-RPLY00057,latest_live_02-COM00015,3300000,latest_live_02-SEM0122-000003338590,3338590,insufficient_source_evidence,38590,comment_visible_then_host_speech_nearby_but_no_direct_address_proof,prompted_comment;topic_related_not_causal;unanswered,0.35,insufficient_source_evidence,partial
latest_live_02,latest_live_02-RPLY00058,latest_live_02-COM00016,3300000,latest_live_02-SEM0122-000003338590,3338590,insufficient_source_evidence,38590,comment_visible_then_host_speech_nearby_but_no_direct_address_proof,prompted_comment;topic_related_not_causal;unanswered,0.35,insufficient_source_evidence,partial
latest_live_02,latest_live_02-RPLY00059,latest_live_02-COM00017,3300000,latest_live_02-SEM0122-000003338590,3338590,insufficient_source_evidence,38590,comment_visible_then_host_speech_nearby_but_no_direct_address_proof,prompted_comment;topic_related_not_causal;unanswered,0.35,insufficient_source_evidence,partial
latest_live_02,latest_live_02-RPLY00060,latest_live_02-COM00018,3600000,latest_live_02-SEM0136-000003604880,3604880,insufficient_source_evidence,4880,comment_visible_then_host_speech_nearby_but_no_direct_address_proof,prompted_comment;topic_related_not_causal;unanswered,0.35,insufficient_source_evidence,partial
latest_live_02,latest_live_02-RPLY00061,latest_live_02-COM00019,3600000,latest_live_02-SEM0136-000003604880,3604880,insufficient_source_evidence,4880,comment_visible_then_host_speech_nearby_but_no_direct_address_proof,prompted_comment;topic_related_not_causal;unanswered,0.35,insufficient_source_evidence,partial
latest_live_02,latest_live_02-RPLY00062,latest_live_02-COM00020,3900000,latest_live_02-SEM0148-000003895000,3895000,topic_related_not_causal,-5000,host_speech_temporally_near_comment_but_delta_outside_direct_reply_window,prompted_comment;topic_related_not_causal;unanswered,0.22,topic_related_not_causal,partial
latest_live_02,latest_live_02-RPLY00063,latest_live_02-COM00021,3900000,latest_live_02-SEM0148-000003895000,3895000,topic_related_not_causal,-5000,host_speech_temporally_near_comment_but_delta_outside_direct_reply_window,prompted_comment;topic_related_not_causal;unanswered,0.22,topic_related_not_causal,partial
latest_live_02,latest_live_02-RPLY00064,latest_live_02-COM00022,3900000,latest_live_02-SEM0148-000003895000,3895000,topic_related_not_causal,-5000,host_speech_temporally_near_comment_but_delta_outside_direct_reply_window,prompted_comment;topic_related_not_causal;unanswered,0.22,topic_related_not_causal,partial
latest_live_02,latest_live_02-RPLY00065,latest_live_02-COM00023,3900000,latest_live_02-SEM0148-000003895000,3895000,topic_related_not_causal,-5000,host_speech_temporally_near_comment_but_delta_outside_direct_reply_window,prompted_comment;topic_related_not_causal;unanswered,0.22,topic_related_not_causal,partial
latest_live_02,latest_live_02-RPLY00066,latest_live_02-COM00024,4200000,latest_live_02-SEM0157-000004196910,4196910,topic_related_not_causal,-3090,host_speech_temporally_near_comment_but_delta_outside_direct_reply_window,prompted_comment;topic_related_not_causal;unanswered,0.22,topic_related_not_causal,partial
latest_live_02,latest_live_02-RPLY00067,latest_live_02-COM00025,4500000,latest_live_02-SEM0171-000004517110,4517110,insufficient_source_evidence,17110,comment_visible_then_host_speech_nearby_but_no_direct_address_proof,prompted_comment;topic_related_not_causal;unanswered,0.35,insufficient_source_evidence,partial
latest_live_02,latest_live_02-RPLY00068,latest_live_02-COM00026,4800000,latest_live_02-SEM0185-000004812730,4812730,insufficient_source_evidence,12730,comment_visible_then_host_speech_nearby_but_no_direct_address_proof,prompted_comment;topic_related_not_causal;unanswered,0.35,insufficient_source_evidence,partial
latest_live_02,latest_live_02-RPLY00069,latest_live_02-COM00027,4800000,latest_live_02-SEM0185-000004812730,4812730,insufficient_source_evidence,12730,comment_visible_then_host_speech_nearby_but_no_direct_address_proof,prompted_comment;topic_related_not_causal;unanswered,0.35,insufficient_source_evidence,partial
latest_live_02,latest_live_02-RPLY00070,latest_live_02-COM00028,4800000,latest_live_02-SEM0185-000004812730,4812730,insufficient_source_evidence,12730,comment_visible_then_host_speech_nearby_but_no_direct_address_proof,prompted_comment;topic_related_not_causal;unanswered,0.35,insufficient_source_evidence,partial
latest_live_02,latest_live_02-RPLY00071,latest_live_02-COM00029,5100000,latest_live_02-SEM0195-000005103370,5103370,insufficient_source_evidence,3370,comment_visible_then_host_speech_nearby_but_no_direct_address_proof,prompted_comment;topic_related_not_causal;unanswered,0.35,insufficient_source_evidence,partial
latest_live_02,latest_live_02-RPLY00072,latest_live_02-COM00030,5100000,latest_live_02-SEM0195-000005103370,5103370,insufficient_source_evidence,3370,comment_visible_then_host_speech_nearby_but_no_direct_address_proof,prompted_comment;topic_related_not_causal;unanswered,0.35,insufficient_source_evidence,partial
latest_live_02,latest_live_02-RPLY00073,latest_live_02-COM00031,5400000,latest_live_02-SEM0206-000005391830,5391830,topic_related_not_causal,-8170,host_speech_temporally_near_comment_but_delta_outside_direct_reply_window,prompted_comment;topic_related_not_causal;unanswered,0.22,topic_related_not_causal,partial
latest_live_02,latest_live_02-RPLY00074,latest_live_02-COM00032,5400000,latest_live_02-SEM0206-000005391830,5391830,topic_related_not_causal,-8170,host_speech_temporally_near_comment_but_delta_outside_direct_reply_window,prompted_comment;topic_related_not_causal;unanswered,0.22,topic_related_not_causal,partial
latest_live_02,latest_live_02-RPLY00075,latest_live_02-COM00033,5400000,latest_live_02-SEM0206-000005391830,5391830,topic_related_not_causal,-8170,host_speech_temporally_near_comment_but_delta_outside_direct_reply_window,prompted_comment;topic_related_not_causal;unanswered,0.22,topic_related_not_causal,partial
latest_live_02,latest_live_02-RPLY00076,latest_live_02-COM00034,5400000,latest_live_02-SEM0206-000005391830,5391830,topic_related_not_causal,-8170,host_speech_temporally_near_comment_but_delta_outside_direct_reply_window,prompted_comment;topic_related_not_causal;unanswered,0.22,topic_related_not_causal,partial
latest_live_02,latest_live_02-RPLY00077,latest_live_02-COM00035,5400000,latest_live_02-SEM0206-000005391830,5391830,topic_related_not_causal,-8170,host_speech_temporally_near_comment_but_delta_outside_direct_reply_window,prompted_comment;topic_related_not_causal;unanswered,0.22,topic_related_not_causal,partial
latest_live_03,latest_live_03-RPLY00078,latest_live_03-COM00001,0,latest_live_03-SEM0001-000000000080,80,insufficient_source_evidence,80,comment_visible_then_host_speech_nearby_but_no_direct_address_proof,prompted_comment;topic_related_not_causal;unanswered,0.35,insufficient_source_evidence,partial
latest_live_03,latest_live_03-RPLY00079,latest_live_03-COM00002,0,latest_live_03-SEM0001-000000000080,80,insufficient_source_evidence,80,comment_visible_then_host_speech_nearby_but_no_direct_address_proof,prompted_comment;topic_related_not_causal;unanswered,0.35,insufficient_source_evidence,partial
latest_live_03,latest_live_03-RPLY00080,latest_live_03-COM00003,300000,latest_live_03-SEM0011-000000341920,341920,insufficient_source_evidence,41920,comment_visible_then_host_speech_nearby_but_no_direct_address_proof,prompted_comment;topic_related_not_causal;unanswered,0.35,insufficient_source_evidence,partial
latest_live_03,latest_live_03-RPLY00081,latest_live_03-COM00004,300000,latest_live_03-SEM0011-000000341920,341920,insufficient_source_evidence,41920,comment_visible_then_host_speech_nearby_but_no_direct_address_proof,prompted_comment;topic_related_not_causal;unanswered,0.35,insufficient_source_evidence,partial
latest_live_03,latest_live_03-RPLY00082,latest_live_03-COM00005,600000,latest_live_03-SEM0024-000000611580,611580,insufficient_source_evidence,11580,comment_visible_then_host_speech_nearby_but_no_direct_address_proof,prompted_comment;topic_related_not_causal;unanswered,0.35,insufficient_source_evidence,partial
latest_live_03,latest_live_03-RPLY00083,latest_live_03-COM00006,600000,latest_live_03-SEM0024-000000611580,611580,insufficient_source_evidence,11580,comment_visible_then_host_speech_nearby_but_no_direct_address_proof,prompted_comment;topic_related_not_causal;unanswered,0.35,insufficient_source_evidence,partial
latest_live_03,latest_live_03-RPLY00084,latest_live_03-COM00007,900000,latest_live_03-SEM0038-000000892460,892460,topic_related_not_causal,-7540,host_speech_temporally_near_comment_but_delta_outside_direct_reply_window,prompted_comment;topic_related_not_causal;unanswered,0.22,topic_related_not_causal,partial
latest_live_03,latest_live_03-RPLY00085,latest_live_03-COM00008,1200000,latest_live_03-SEM0053-000001194340,1194340,topic_related_not_causal,-5660,host_speech_temporally_near_comment_but_delta_outside_direct_reply_window,prompted_comment;topic_related_not_causal;unanswered,0.22,topic_related_not_causal,partial
latest_live_03,latest_live_03-RPLY00086,latest_live_03-COM00009,1500000,latest_live_03-SEM0067-000001527000,1527000,insufficient_source_evidence,27000,comment_visible_then_host_speech_nearby_but_no_direct_address_proof,prompted_comment;topic_related_not_causal;unanswered,0.35,insufficient_source_evidence,partial
latest_live_03,latest_live_03-RPLY00087,latest_live_03-COM00010,1500000,latest_live_03-SEM0067-000001527000,1527000,insufficient_source_evidence,27000,comment_visible_then_host_speech_nearby_but_no_direct_address_proof,prompted_comment;topic_related_not_causal;unanswered,0.35,insufficient_source_evidence,partial
latest_live_03,latest_live_03-RPLY00088,latest_live_03-COM00011,1800000,latest_live_03-SEM0080-000001818190,1818190,insufficient_source_evidence,18190,comment_visible_then_host_speech_nearby_but_no_direct_address_proof,prompted_comment;topic_related_not_causal;unanswered,0.35,insufficient_source_evidence,partial
latest_live_03,latest_live_03-RPLY00089,latest_live_03-COM00012,1800000,latest_live_03-SEM0080-000001818190,1818190,insufficient_source_evidence,18190,comment_visible_then_host_speech_nearby_but_no_direct_address_proof,prompted_comment;topic_related_not_causal;unanswered,0.35,insufficient_source_evidence,partial
latest_live_03,latest_live_03-RPLY00090,latest_live_03-COM00013,1800000,latest_live_03-SEM0080-000001818190,1818190,insufficient_source_evidence,18190,comment_visible_then_host_speech_nearby_but_no_direct_address_proof,prompted_comment;topic_related_not_causal;unanswered,0.35,insufficient_source_evidence,partial
latest_live_03,latest_live_03-RPLY00091,latest_live_03-COM00014,2100000,latest_live_03-SEM0091-000002096180,2096180,topic_related_not_causal,-3820,host_speech_temporally_near_comment_but_delta_outside_direct_reply_window,prompted_comment;topic_related_not_causal;unanswered,0.22,topic_related_not_causal,partial
latest_live_04,latest_live_04-RPLY00092,latest_live_04-COM00001,0,latest_live_04-SEM0001-000000000080,80,insufficient_source_evidence,80,comment_visible_then_host_speech_nearby_but_no_direct_address_proof,prompted_comment;topic_related_not_causal;unanswered,0.35,insufficient_source_evidence,partial
latest_live_04,latest_live_04-RPLY00093,latest_live_04-COM00002,0,latest_live_04-SEM0001-000000000080,80,insufficient_source_evidence,80,comment_visible_then_host_speech_nearby_but_no_direct_address_proof,prompted_comment;topic_related_not_causal;unanswered,0.35,insufficient_source_evidence,partial
latest_live_04,latest_live_04-RPLY00094,latest_live_04-COM00003,300000,latest_live_04-SEM0013-000000323620,323620,insufficient_source_evidence,23620,comment_visible_then_host_speech_nearby_but_no_direct_address_proof,prompted_comment;topic_related_not_causal;unanswered,0.35,insufficient_source_evidence,partial
latest_live_04,latest_live_04-RPLY00095,latest_live_04-COM00004,300000,latest_live_04-SEM0013-000000323620,323620,insufficient_source_evidence,23620,comment_visible_then_host_speech_nearby_but_no_direct_address_proof,prompted_comment;topic_related_not_causal;unanswered,0.35,insufficient_source_evidence,partial
latest_live_04,latest_live_04-RPLY00096,latest_live_04-COM00005,600000,latest_live_04-SEM0021-000000590530,590530,topic_related_not_causal,-9470,host_speech_temporally_near_comment_but_delta_outside_direct_reply_window,prompted_comment;topic_related_not_causal;unanswered,0.22,topic_related_not_causal,partial
latest_live_04,latest_live_04-RPLY00097,latest_live_04-COM00006,1200000,latest_live_04-SEM0044-000001208390,1208390,insufficient_source_evidence,8390,comment_visible_then_host_speech_nearby_but_no_direct_address_proof,prompted_comment;topic_related_not_causal;unanswered,0.35,insufficient_source_evidence,partial
latest_live_05,latest_live_05-RPLY00098,latest_live_05-COM00001,0,latest_live_05-SEM0001-000000000400,400,insufficient_source_evidence,400,comment_visible_then_host_speech_nearby_but_no_direct_address_proof,prompted_comment;topic_related_not_causal;unanswered,0.35,insufficient_source_evidence,partial
latest_live_05,latest_live_05-RPLY00099,latest_live_05-COM00002,0,latest_live_05-SEM0001-000000000400,400,insufficient_source_evidence,400,comment_visible_then_host_speech_nearby_but_no_direct_address_proof,prompted_comment;topic_related_not_causal;unanswered,0.35,insufficient_source_evidence,partial
latest_live_05,latest_live_05-RPLY00100,latest_live_05-COM00003,0,latest_live_05-SEM0001-000000000400,400,insufficient_source_evidence,400,comment_visible_then_host_speech_nearby_but_no_direct_address_proof,prompted_comment;topic_related_not_causal;unanswered,0.35,insufficient_source_evidence,partial
latest_live_05,latest_live_05-RPLY00101,latest_live_05-COM00004,300000,latest_live_05-SEM0012-000000314350,314350,insufficient_source_evidence,14350,comment_visible_then_host_speech_nearby_but_no_direct_address_proof,prompted_comment;topic_related_not_causal;unanswered,0.35,insufficient_source_evidence,partial
latest_live_05,latest_live_05-RPLY00102,latest_live_05-COM00005,1200000,latest_live_05-SEM0045-000001200290,1200290,insufficient_source_evidence,290,comment_visible_then_host_speech_nearby_but_no_direct_address_proof,prompted_comment;topic_related_not_causal;unanswered,0.35,insufficient_source_evidence,partial
latest_live_05,latest_live_05-RPLY00103,latest_live_05-COM00006,1200000,latest_live_05-SEM0045-000001200290,1200290,insufficient_source_evidence,290,comment_visible_then_host_speech_nearby_but_no_direct_address_proof,prompted_comment;topic_related_not_causal;unanswered,0.35,insufficient_source_evidence,partial
latest_live_06,latest_live_06-RPLY00104,latest_live_06-COM00001,0,latest_live_06-SEM0001-000000000160,160,insufficient_source_evidence,160,comment_visible_then_host_speech_nearby_but_no_direct_address_proof,prompted_comment;topic_related_not_causal;unanswered,0.35,insufficient_source_evidence,partial
latest_live_06,latest_live_06-RPLY00105,latest_live_06-COM00002,0,latest_live_06-SEM0001-000000000160,160,insufficient_source_evidence,160,comment_visible_then_host_speech_nearby_but_no_direct_address_proof,prompted_comment;topic_related_not_causal;unanswered,0.35,insufficient_source_evidence,partial
latest_live_06,latest_live_06-RPLY00106,latest_live_06-COM00003,900000,latest_live_06-SEM0038-000000886290,886290,topic_related_not_causal,-13710,host_speech_temporally_near_comment_but_delta_outside_direct_reply_window,prompted_comment;topic_related_not_causal;unanswered,0.22,topic_related_not_causal,partial
latest_live_06,latest_live_06-RPLY00107,latest_live_06-COM00004,900000,latest_live_06-SEM0038-000000886290,886290,topic_related_not_causal,-13710,host_speech_temporally_near_comment_but_delta_outside_direct_reply_window,prompted_comment;topic_related_not_causal;unanswered,0.22,topic_related_not_causal,partial
latest_live_06,latest_live_06-RPLY00108,latest_live_06-COM00005,900000,latest_live_06-SEM0038-000000886290,886290,topic_related_not_causal,-13710,host_speech_temporally_near_comment_but_delta_outside_direct_reply_window,prompted_comment;topic_related_not_causal;unanswered,0.22,topic_related_not_causal,partial
latest_live_06,latest_live_06-RPLY00109,latest_live_06-COM00006,1200000,latest_live_06-SEM0055-000001201210,1201210,insufficient_source_evidence,1210,comment_visible_then_host_speech_nearby_but_no_direct_address_proof,prompted_comment;topic_related_not_causal;unanswered,0.35,insufficient_source_evidence,partial
latest_live_06,latest_live_06-RPLY00110,latest_live_06-COM00007,1200000,latest_live_06-SEM0055-000001201210,1201210,insufficient_source_evidence,1210,comment_visible_then_host_speech_nearby_but_no_direct_address_proof,prompted_comment;topic_related_not_causal;unanswered,0.35,insufficient_source_evidence,partial
latest_live_06,latest_live_06-RPLY00111,latest_live_06-COM00008,1200000,latest_live_06-SEM0055-000001201210,1201210,insufficient_source_evidence,1210,comment_visible_then_host_speech_nearby_but_no_direct_address_proof,prompted_comment;topic_related_not_causal;unanswered,0.35,insufficient_source_evidence,partial
latest_live_06,latest_live_06-RPLY00112,latest_live_06-COM00009,1500000,latest_live_06-SEM0068-000001495170,1495170,topic_related_not_causal,-4830,host_speech_temporally_near_comment_but_delta_outside_direct_reply_window,prompted_comment;topic_related_not_causal;unanswered,0.22,topic_related_not_causal,partial
latest_live_06,latest_live_06-RPLY00113,latest_live_06-COM00010,1500000,latest_live_06-SEM0068-000001495170,1495170,topic_related_not_causal,-4830,host_speech_temporally_near_comment_but_delta_outside_direct_reply_window,prompted_comment;topic_related_not_causal;unanswered,0.22,topic_related_not_causal,partial
latest_live_07,latest_live_07-RPLY00114,latest_live_07-COM00001,0,latest_live_07-SEM0001-000000005910,5910,insufficient_source_evidence,5910,comment_visible_then_host_speech_nearby_but_no_direct_address_proof,prompted_comment;topic_related_not_causal;unanswered,0.35,insufficient_source_evidence,partial
latest_live_07,latest_live_07-RPLY00115,latest_live_07-COM00002,0,latest_live_07-SEM0001-000000005910,5910,insufficient_source_evidence,5910,comment_visible_then_host_speech_nearby_but_no_direct_address_proof,prompted_comment;topic_related_not_causal;unanswered,0.35,insufficient_source_evidence,partial
latest_live_07,latest_live_07-RPLY00116,latest_live_07-COM00003,300000,latest_live_07-SEM0011-000000299350,299350,topic_related_not_causal,-650,host_speech_temporally_near_comment_but_delta_outside_direct_reply_window,prompted_comment;topic_related_not_causal;unanswered,0.22,topic_related_not_causal,partial
latest_live_07,latest_live_07-RPLY00117,latest_live_07-COM00004,300000,latest_live_07-SEM0011-000000299350,299350,topic_related_not_causal,-650,host_speech_temporally_near_comment_but_delta_outside_direct_reply_window,prompted_comment;topic_related_not_causal;unanswered,0.22,topic_related_not_causal,partial
latest_live_07,latest_live_07-RPLY00118,latest_live_07-COM00005,600000,latest_live_07-SEM0021-000000601370,601370,insufficient_source_evidence,1370,comment_visible_then_host_speech_nearby_but_no_direct_address_proof,prompted_comment;topic_related_not_causal;unanswered,0.35,insufficient_source_evidence,partial
latest_live_07,latest_live_07-RPLY00119,latest_live_07-COM00006,1200000,latest_live_07-SEM0043-000001206430,1206430,insufficient_source_evidence,6430,comment_visible_then_host_speech_nearby_but_no_direct_address_proof,prompted_comment;topic_related_not_causal;unanswered,0.35,insufficient_source_evidence,partial
latest_live_07,latest_live_07-RPLY00120,latest_live_07-COM00007,1500000,latest_live_07-SEM0055-000001500920,1500920,insufficient_source_evidence,920,comment_visible_then_host_speech_nearby_but_no_direct_address_proof,prompted_comment;topic_related_not_causal;unanswered,0.35,insufficient_source_evidence,partial
latest_live_07,latest_live_07-RPLY00121,latest_live_07-COM00008,1500000,latest_live_07-SEM0055-000001500920,1500920,insufficient_source_evidence,920,comment_visible_then_host_speech_nearby_but_no_direct_address_proof,prompted_comment;topic_related_not_causal;unanswered,0.35,insufficient_source_evidence,partial
latest_live_07,latest_live_07-RPLY00122,latest_live_07-COM00009,1800000,latest_live_07-SEM0066-000001790820,1790820,topic_related_not_causal,-9180,host_speech_temporally_near_comment_but_delta_outside_direct_reply_window,prompted_comment;topic_related_not_causal;unanswered,0.22,topic_related_not_causal,partial
latest_live_07,latest_live_07-RPLY00123,latest_live_07-COM00010,1800000,latest_live_07-SEM0066-000001790820,1790820,topic_related_not_causal,-9180,host_speech_temporally_near_comment_but_delta_outside_direct_reply_window,prompted_comment;topic_related_not_causal;unanswered,0.22,topic_related_not_causal,partial
latest_live_07,latest_live_07-RPLY00124,latest_live_07-COM00011,2100000,latest_live_07-SEM0075-000002088420,2088420,topic_related_not_causal,-11580,host_speech_temporally_near_comment_but_delta_outside_direct_reply_window,prompted_comment;topic_related_not_causal;unanswered,0.22,topic_related_not_causal,partial
latest_live_07,latest_live_07-RPLY00125,latest_live_07-COM00012,2400000,latest_live_07-SEM0089-000002406410,2406410,insufficient_source_evidence,6410,comment_visible_then_host_speech_nearby_but_no_direct_address_proof,prompted_comment;topic_related_not_causal;unanswered,0.35,insufficient_source_evidence,partial
latest_live_07,latest_live_07-RPLY00126,latest_live_07-COM00013,2400000,latest_live_07-SEM0089-000002406410,2406410,insufficient_source_evidence,6410,comment_visible_then_host_speech_nearby_but_no_direct_address_proof,prompted_comment;topic_related_not_causal;unanswered,0.35,insufficient_source_evidence,partial
latest_live_07,latest_live_07-RPLY00127,latest_live_07-COM00014,2400000,latest_live_07-SEM0089-000002406410,2406410,insufficient_source_evidence,6410,comment_visible_then_host_speech_nearby_but_no_direct_address_proof,prompted_comment;topic_related_not_causal;unanswered,0.35,insufficient_source_evidence,partial
latest_live_07,latest_live_07-RPLY00128,latest_live_07-COM00015,2700000,latest_live_07-SEM0102-000002707180,2707180,insufficient_source_evidence,7180,comment_visible_then_host_speech_nearby_but_no_direct_address_proof,prompted_comment;topic_related_not_causal;unanswered,0.35,insufficient_source_evidence,partial
latest_live_07,latest_live_07-RPLY00129,latest_live_07-COM00016,3000000,latest_live_07-SEM0111-000002999660,2999660,topic_related_not_causal,-340,host_speech_temporally_near_comment_but_delta_outside_direct_reply_window,prompted_comment;topic_related_not_causal;unanswered,0.22,topic_related_not_causal,partial
latest_live_07,latest_live_07-RPLY00130,latest_live_07-COM00017,3000000,latest_live_07-SEM0111-000002999660,2999660,topic_related_not_causal,-340,host_speech_temporally_near_comment_but_delta_outside_direct_reply_window,prompted_comment;topic_related_not_causal;unanswered,0.22,topic_related_not_causal,partial
latest_live_07,latest_live_07-RPLY00131,latest_live_07-COM00018,3300000,latest_live_07-SEM0123-000003296930,3296930,topic_related_not_causal,-3070,host_speech_temporally_near_comment_but_delta_outside_direct_reply_window,prompted_comment;topic_related_not_causal;unanswered,0.22,topic_related_not_causal,partial
latest_live_07,latest_live_07-RPLY00132,latest_live_07-COM00019,3600000,latest_live_07-SEM0138-000003601370,3601370,insufficient_source_evidence,1370,comment_visible_then_host_speech_nearby_but_no_direct_address_proof,prompted_comment;topic_related_not_causal;unanswered,0.35,insufficient_source_evidence,partial
latest_live_07,latest_live_07-RPLY00133,latest_live_07-COM00020,3600000,latest_live_07-SEM0138-000003601370,3601370,insufficient_source_evidence,1370,comment_visible_then_host_speech_nearby_but_no_direct_address_proof,prompted_comment;topic_related_not_causal;unanswered,0.35,insufficient_source_evidence,partial
latest_live_07,latest_live_07-RPLY00134,latest_live_07-COM00021,3900000,latest_live_07-SEM0152-000003917180,3917180,insufficient_source_evidence,17180,comment_visible_then_host_speech_nearby_but_no_direct_address_proof,prompted_comment;topic_related_not_causal;unanswered,0.35,insufficient_source_evidence,partial
latest_live_07,latest_live_07-RPLY00135,latest_live_07-COM00022,4200000,latest_live_07-SEM0162-000004200560,4200560,insufficient_source_evidence,560,comment_visible_then_host_speech_nearby_but_no_direct_address_proof,prompted_comment;topic_related_not_causal;unanswered,0.35,insufficient_source_evidence,partial
latest_live_07,latest_live_07-RPLY00136,latest_live_07-COM00023,4200000,latest_live_07-SEM0162-000004200560,4200560,insufficient_source_evidence,560,comment_visible_then_host_speech_nearby_but_no_direct_address_proof,prompted_comment;topic_related_not_causal;unanswered,0.35,insufficient_source_evidence,partial
latest_live_07,latest_live_07-RPLY00137,latest_live_07-COM00024,4800000,latest_live_07-SEM0186-000004823620,4823620,insufficient_source_evidence,23620,comment_visible_then_host_speech_nearby_but_no_direct_address_proof,prompted_comment;topic_related_not_causal;unanswered,0.35,insufficient_source_evidence,partial
latest_live_07,latest_live_07-RPLY00138,latest_live_07-COM00025,4800000,latest_live_07-SEM0186-000004823620,4823620,insufficient_source_evidence,23620,comment_visible_then_host_speech_nearby_but_no_direct_address_proof,prompted_comment;topic_related_not_causal;unanswered,0.35,insufficient_source_evidence,partial
latest_live_07,latest_live_07-RPLY00139,latest_live_07-COM00026,5100000,latest_live_07-SEM0200-000005094030,5094030,topic_related_not_causal,-5970,host_speech_temporally_near_comment_but_delta_outside_direct_reply_window,prompted_comment;topic_related_not_causal;unanswered,0.22,topic_related_not_causal,partial
latest_live_08,latest_live_08-RPLY00140,latest_live_08-COM00001,0,latest_live_08-SEM0001-000000029790,29790,insufficient_source_evidence,29790,comment_visible_then_host_speech_nearby_but_no_direct_address_proof,prompted_comment;topic_related_not_causal;unanswered,0.35,insufficient_source_evidence,partial
latest_live_08,latest_live_08-RPLY00141,latest_live_08-COM00002,300000,latest_live_08-SEM0012-000000311320,311320,insufficient_source_evidence,11320,comment_visible_then_host_speech_nearby_but_no_direct_address_proof,prompted_comment;topic_related_not_causal;unanswered,0.35,insufficient_source_evidence,partial
latest_live_08,latest_live_08-RPLY00142,latest_live_08-COM00003,300000,latest_live_08-SEM0012-000000311320,311320,insufficient_source_evidence,11320,comment_visible_then_host_speech_nearby_but_no_direct_address_proof,prompted_comment;topic_related_not_causal;unanswered,0.35,insufficient_source_evidence,partial
latest_live_08,latest_live_08-RPLY00143,latest_live_08-COM00004,300000,latest_live_08-SEM0012-000000311320,311320,insufficient_source_evidence,11320,comment_visible_then_host_speech_nearby_but_no_direct_address_proof,prompted_comment;topic_related_not_causal;unanswered,0.35,insufficient_source_evidence,partial
latest_live_08,latest_live_08-RPLY00144,latest_live_08-COM00005,600000,latest_live_08-SEM0022-000000607810,607810,insufficient_source_evidence,7810,comment_visible_then_host_speech_nearby_but_no_direct_address_proof,prompted_comment;topic_related_not_causal;unanswered,0.35,insufficient_source_evidence,partial
latest_live_08,latest_live_08-RPLY00145,latest_live_08-COM00006,600000,latest_live_08-SEM0022-000000607810,607810,insufficient_source_evidence,7810,comment_visible_then_host_speech_nearby_but_no_direct_address_proof,prompted_comment;topic_related_not_causal;unanswered,0.35,insufficient_source_evidence,partial
latest_live_08,latest_live_08-RPLY00146,latest_live_08-COM00007,900000,latest_live_08-SEM0032-000000905050,905050,insufficient_source_evidence,5050,comment_visible_then_host_speech_nearby_but_no_direct_address_proof,prompted_comment;topic_related_not_causal;unanswered,0.35,insufficient_source_evidence,partial
latest_live_08,latest_live_08-RPLY00147,latest_live_08-COM00008,900000,latest_live_08-SEM0032-000000905050,905050,insufficient_source_evidence,5050,comment_visible_then_host_speech_nearby_but_no_direct_address_proof,prompted_comment;topic_related_not_causal;unanswered,0.35,insufficient_source_evidence,partial
latest_live_08,latest_live_08-RPLY00148,latest_live_08-COM00009,1200000,latest_live_08-SEM0045-000001201960,1201960,insufficient_source_evidence,1960,comment_visible_then_host_speech_nearby_but_no_direct_address_proof,prompted_comment;topic_related_not_causal;unanswered,0.35,insufficient_source_evidence,partial
latest_live_08,latest_live_08-RPLY00149,latest_live_08-COM00010,1200000,latest_live_08-SEM0045-000001201960,1201960,insufficient_source_evidence,1960,comment_visible_then_host_speech_nearby_but_no_direct_address_proof,prompted_comment;topic_related_not_causal;unanswered,0.35,insufficient_source_evidence,partial
latest_live_08,latest_live_08-RPLY00150,latest_live_08-COM00011,1800000,latest_live_08-SEM0071-000001801650,1801650,insufficient_source_evidence,1650,comment_visible_then_host_speech_nearby_but_no_direct_address_proof,prompted_comment;topic_related_not_causal;unanswered,0.35,insufficient_source_evidence,partial
latest_live_08,latest_live_08-RPLY00151,latest_live_08-COM00012,1800000,latest_live_08-SEM0071-000001801650,1801650,insufficient_source_evidence,1650,comment_visible_then_host_speech_nearby_but_no_direct_address_proof,prompted_comment;topic_related_not_causal;unanswered,0.35,insufficient_source_evidence,partial
latest_live_08,latest_live_08-RPLY00152,latest_live_08-COM00013,1800000,latest_live_08-SEM0071-000001801650,1801650,insufficient_source_evidence,1650,comment_visible_then_host_speech_nearby_but_no_direct_address_proof,prompted_comment;topic_related_not_causal;unanswered,0.35,insufficient_source_evidence,partial
latest_live_08,latest_live_08-RPLY00153,latest_live_08-COM00014,1800000,latest_live_08-SEM0071-000001801650,1801650,insufficient_source_evidence,1650,comment_visible_then_host_speech_nearby_but_no_direct_address_proof,prompted_comment;topic_related_not_causal;unanswered,0.35,insufficient_source_evidence,partial
latest_live_08,latest_live_08-RPLY00154,latest_live_08-COM00015,2100000,latest_live_08-SEM0084-000002097360,2097360,topic_related_not_causal,-2640,host_speech_temporally_near_comment_but_delta_outside_direct_reply_window,prompted_comment;topic_related_not_causal;unanswered,0.22,topic_related_not_causal,partial
latest_live_08,latest_live_08-RPLY00155,latest_live_08-COM00016,2100000,latest_live_08-SEM0084-000002097360,2097360,topic_related_not_causal,-2640,host_speech_temporally_near_comment_but_delta_outside_direct_reply_window,prompted_comment;topic_related_not_causal;unanswered,0.22,topic_related_not_causal,partial
latest_live_08,latest_live_08-RPLY00156,latest_live_08-COM00017,2400000,latest_live_08-SEM0101-000002402750,2402750,insufficient_source_evidence,2750,comment_visible_then_host_speech_nearby_but_no_direct_address_proof,prompted_comment;topic_related_not_causal;unanswered,0.35,insufficient_source_evidence,partial
latest_live_08,latest_live_08-RPLY00157,latest_live_08-COM00018,2700000,latest_live_08-SEM0113-000002717840,2717840,insufficient_source_evidence,17840,comment_visible_then_host_speech_nearby_but_no_direct_address_proof,prompted_comment;topic_related_not_causal;unanswered,0.35,insufficient_source_evidence,partial
latest_live_08,latest_live_08-RPLY00158,latest_live_08-COM00019,2700000,latest_live_08-SEM0113-000002717840,2717840,insufficient_source_evidence,17840,comment_visible_then_host_speech_nearby_but_no_direct_address_proof,prompted_comment;topic_related_not_causal;unanswered,0.35,insufficient_source_evidence,partial
latest_live_08,latest_live_08-RPLY00159,latest_live_08-COM00020,3000000,latest_live_08-SEM0127-000003004100,3004100,insufficient_source_evidence,4100,comment_visible_then_host_speech_nearby_but_no_direct_address_proof,prompted_comment;topic_related_not_causal;unanswered,0.35,insufficient_source_evidence,partial
latest_live_08,latest_live_08-RPLY00160,latest_live_08-COM00021,3000000,latest_live_08-SEM0127-000003004100,3004100,insufficient_source_evidence,4100,comment_visible_then_host_speech_nearby_but_no_direct_address_proof,prompted_comment;topic_related_not_causal;unanswered,0.35,insufficient_source_evidence,partial
latest_live_08,latest_live_08-RPLY00161,latest_live_08-COM00022,3000000,latest_live_08-SEM0127-000003004100,3004100,insufficient_source_evidence,4100,comment_visible_then_host_speech_nearby_but_no_direct_address_proof,prompted_comment;topic_related_not_causal;unanswered,0.35,insufficient_source_evidence,partial
latest_live_08,latest_live_08-RPLY00162,latest_live_08-COM00023,3000000,latest_live_08-SEM0127-000003004100,3004100,insufficient_source_evidence,4100,comment_visible_then_host_speech_nearby_but_no_direct_address_proof,prompted_comment;topic_related_not_causal;unanswered,0.35,insufficient_source_evidence,partial
latest_live_08,latest_live_08-RPLY00163,latest_live_08-COM00024,3000000,latest_live_08-SEM0127-000003004100,3004100,insufficient_source_evidence,4100,comment_visible_then_host_speech_nearby_but_no_direct_address_proof,prompted_comment;topic_related_not_causal;unanswered,0.35,insufficient_source_evidence,partial
latest_live_08,latest_live_08-RPLY00164,latest_live_08-COM00025,3300000,latest_live_08-SEM0138-000003292470,3292470,topic_related_not_causal,-7530,host_speech_temporally_near_comment_but_delta_outside_direct_reply_window,prompted_comment;topic_related_not_causal;unanswered,0.22,topic_related_not_causal,partial
latest_live_08,latest_live_08-RPLY00165,latest_live_08-COM00026,3300000,latest_live_08-SEM0138-000003292470,3292470,topic_related_not_causal,-7530,host_speech_temporally_near_comment_but_delta_outside_direct_reply_window,prompted_comment;topic_related_not_causal;unanswered,0.22,topic_related_not_causal,partial
latest_live_08,latest_live_08-RPLY00166,latest_live_08-COM00027,3600000,latest_live_08-SEM0154-000003596730,3596730,topic_related_not_causal,-3270,host_speech_temporally_near_comment_but_delta_outside_direct_reply_window,prompted_comment;topic_related_not_causal;unanswered,0.22,topic_related_not_causal,partial
latest_live_08,latest_live_08-RPLY00167,latest_live_08-COM00028,3600000,latest_live_08-SEM0154-000003596730,3596730,topic_related_not_causal,-3270,host_speech_temporally_near_comment_but_delta_outside_direct_reply_window,prompted_comment;topic_related_not_causal;unanswered,0.22,topic_related_not_causal,partial
latest_live_08,latest_live_08-RPLY00168,latest_live_08-COM00029,3900000,latest_live_08-SEM0167-000003904000,3904000,insufficient_source_evidence,4000,comment_visible_then_host_speech_nearby_but_no_direct_address_proof,prompted_comment;topic_related_not_causal;unanswered,0.35,insufficient_source_evidence,partial
latest_live_08,latest_live_08-RPLY00169,latest_live_08-COM00030,3900000,latest_live_08-SEM0167-000003904000,3904000,insufficient_source_evidence,4000,comment_visible_then_host_speech_nearby_but_no_direct_address_proof,prompted_comment;topic_related_not_causal;unanswered,0.35,insufficient_source_evidence,partial
latest_live_09,latest_live_09-RPLY00170,latest_live_09-COM00001,0,latest_live_09-SEM0001-000000000320,320,insufficient_source_evidence,320,comment_visible_then_host_speech_nearby_but_no_direct_address_proof,prompted_comment;topic_related_not_causal;unanswered,0.35,insufficient_source_evidence,partial
latest_live_09,latest_live_09-RPLY00171,latest_live_09-COM00002,0,latest_live_09-SEM0001-000000000320,320,insufficient_source_evidence,320,comment_visible_then_host_speech_nearby_but_no_direct_address_proof,prompted_comment;topic_related_not_causal;unanswered,0.35,insufficient_source_evidence,partial
latest_live_09,latest_live_09-RPLY00172,latest_live_09-COM00003,300000,latest_live_09-SEM0015-000000310830,310830,insufficient_source_evidence,10830,comment_visible_then_host_speech_nearby_but_no_direct_address_proof,prompted_comment;topic_related_not_causal;unanswered,0.35,insufficient_source_evidence,partial
latest_live_09,latest_live_09-RPLY00173,latest_live_09-COM00004,600000,latest_live_09-SEM0027-000000619220,619220,insufficient_source_evidence,19220,comment_visible_then_host_speech_nearby_but_no_direct_address_proof,prompted_comment;topic_related_not_causal;unanswered,0.35,insufficient_source_evidence,partial
latest_live_09,latest_live_09-RPLY00174,latest_live_09-COM00005,600000,latest_live_09-SEM0027-000000619220,619220,insufficient_source_evidence,19220,comment_visible_then_host_speech_nearby_but_no_direct_address_proof,prompted_comment;topic_related_not_causal;unanswered,0.35,insufficient_source_evidence,partial
latest_live_09,latest_live_09-RPLY00175,latest_live_09-COM00006,900000,latest_live_09-SEM0040-000000927430,927430,insufficient_source_evidence,27430,comment_visible_then_host_speech_nearby_but_no_direct_address_proof,prompted_comment;topic_related_not_causal;unanswered,0.35,insufficient_source_evidence,partial
latest_live_09,latest_live_09-RPLY00176,latest_live_09-COM00007,900000,latest_live_09-SEM0040-000000927430,927430,insufficient_source_evidence,27430,comment_visible_then_host_speech_nearby_but_no_direct_address_proof,prompted_comment;topic_related_not_causal;unanswered,0.35,insufficient_source_evidence,partial
latest_live_09,latest_live_09-RPLY00177,latest_live_09-COM00008,900000,latest_live_09-SEM0040-000000927430,927430,insufficient_source_evidence,27430,comment_visible_then_host_speech_nearby_but_no_direct_address_proof,prompted_comment;topic_related_not_causal;unanswered,0.35,insufficient_source_evidence,partial
latest_live_09,latest_live_09-RPLY00178,latest_live_09-COM00009,1200000,latest_live_09-SEM0051-000001200880,1200880,insufficient_source_evidence,880,comment_visible_then_host_speech_nearby_but_no_direct_address_proof,prompted_comment;topic_related_not_causal;unanswered,0.35,insufficient_source_evidence,partial
latest_live_09,latest_live_09-RPLY00179,latest_live_09-COM00010,1200000,latest_live_09-SEM0051-000001200880,1200880,insufficient_source_evidence,880,comment_visible_then_host_speech_nearby_but_no_direct_address_proof,prompted_comment;topic_related_not_causal;unanswered,0.35,insufficient_source_evidence,partial
latest_live_09,latest_live_09-RPLY00180,latest_live_09-COM00011,1500000,latest_live_09-SEM0062-000001500980,1500980,insufficient_source_evidence,980,comment_visible_then_host_speech_nearby_but_no_direct_address_proof,prompted_comment;topic_related_not_causal;unanswered,0.35,insufficient_source_evidence,partial
latest_live_09,latest_live_09-RPLY00181,latest_live_09-COM00012,1500000,latest_live_09-SEM0062-000001500980,1500980,insufficient_source_evidence,980,comment_visible_then_host_speech_nearby_but_no_direct_address_proof,prompted_comment;topic_related_not_causal;unanswered,0.35,insufficient_source_evidence,partial
latest_live_09,latest_live_09-RPLY00182,latest_live_09-COM00013,1500000,latest_live_09-SEM0062-000001500980,1500980,insufficient_source_evidence,980,comment_visible_then_host_speech_nearby_but_no_direct_address_proof,prompted_comment;topic_related_not_causal;unanswered,0.35,insufficient_source_evidence,partial
latest_live_09,latest_live_09-RPLY00183,latest_live_09-COM00014,1800000,latest_live_09-SEM0074-000001793840,1793840,topic_related_not_causal,-6160,host_speech_temporally_near_comment_but_delta_outside_direct_reply_window,prompted_comment;topic_related_not_causal;unanswered,0.22,topic_related_not_causal,partial
latest_live_09,latest_live_09-RPLY00184,latest_live_09-COM00015,1800000,latest_live_09-SEM0074-000001793840,1793840,topic_related_not_causal,-6160,host_speech_temporally_near_comment_but_delta_outside_direct_reply_window,prompted_comment;topic_related_not_causal;unanswered,0.22,topic_related_not_causal,partial
latest_live_09,latest_live_09-RPLY00185,latest_live_09-COM00016,2100000,latest_live_09-SEM0086-000002097040,2097040,topic_related_not_causal,-2960,host_speech_temporally_near_comment_but_delta_outside_direct_reply_window,prompted_comment;topic_related_not_causal;unanswered,0.22,topic_related_not_causal,partial
latest_live_09,latest_live_09-RPLY00186,latest_live_09-COM00017,2100000,latest_live_09-SEM0086-000002097040,2097040,topic_related_not_causal,-2960,host_speech_temporally_near_comment_but_delta_outside_direct_reply_window,prompted_comment;topic_related_not_causal;unanswered,0.22,topic_related_not_causal,partial
latest_live_09,latest_live_09-RPLY00187,latest_live_09-COM00018,2100000,latest_live_09-SEM0086-000002097040,2097040,topic_related_not_causal,-2960,host_speech_temporally_near_comment_but_delta_outside_direct_reply_window,prompted_comment;topic_related_not_causal;unanswered,0.22,topic_related_not_causal,partial
latest_live_09,latest_live_09-RPLY00188,latest_live_09-COM00019,2100000,latest_live_09-SEM0086-000002097040,2097040,topic_related_not_causal,-2960,host_speech_temporally_near_comment_but_delta_outside_direct_reply_window,prompted_comment;topic_related_not_causal;unanswered,0.22,topic_related_not_causal,partial
latest_live_10,latest_live_10-RPLY00189,latest_live_10-COM00001,0,latest_live_10-SEM0001-000000000280,280,insufficient_source_evidence,280,comment_visible_then_host_speech_nearby_but_no_direct_address_proof,prompted_comment;topic_related_not_causal;unanswered,0.35,insufficient_source_evidence,partial
latest_live_10,latest_live_10-RPLY00190,latest_live_10-COM00002,300000,latest_live_10-SEM0011-000000305980,305980,insufficient_source_evidence,5980,comment_visible_then_host_speech_nearby_but_no_direct_address_proof,prompted_comment;topic_related_not_causal;unanswered,0.35,insufficient_source_evidence,partial
latest_live_10,latest_live_10-RPLY00191,latest_live_10-COM00003,300000,latest_live_10-SEM0011-000000305980,305980,insufficient_source_evidence,5980,comment_visible_then_host_speech_nearby_but_no_direct_address_proof,prompted_comment;topic_related_not_causal;unanswered,0.35,insufficient_source_evidence,partial
latest_live_10,latest_live_10-RPLY00192,latest_live_10-COM00004,600000,latest_live_10-SEM0023-000000587980,587980,topic_related_not_causal,-12020,host_speech_temporally_near_comment_but_delta_outside_direct_reply_window,prompted_comment;topic_related_not_causal;unanswered,0.22,topic_related_not_causal,partial
latest_live_10,latest_live_10-RPLY00193,latest_live_10-COM00005,600000,latest_live_10-SEM0023-000000587980,587980,topic_related_not_causal,-12020,host_speech_temporally_near_comment_but_delta_outside_direct_reply_window,prompted_comment;topic_related_not_causal;unanswered,0.22,topic_related_not_causal,partial
latest_live_10,latest_live_10-RPLY00194,latest_live_10-COM00006,600000,latest_live_10-SEM0023-000000587980,587980,topic_related_not_causal,-12020,host_speech_temporally_near_comment_but_delta_outside_direct_reply_window,prompted_comment;topic_related_not_causal;unanswered,0.22,topic_related_not_causal,partial
latest_live_10,latest_live_10-RPLY00195,latest_live_10-COM00007,900000,latest_live_10-SEM0031-000000893930,893930,topic_related_not_causal,-6070,host_speech_temporally_near_comment_but_delta_outside_direct_reply_window,prompted_comment;topic_related_not_causal;unanswered,0.22,topic_related_not_causal,partial
latest_live_10,latest_live_10-RPLY00196,latest_live_10-COM00008,1200000,latest_live_10-SEM0044-000001185190,1185190,topic_related_not_causal,-14810,host_speech_temporally_near_comment_but_delta_outside_direct_reply_window,prompted_comment;topic_related_not_causal;unanswered,0.22,topic_related_not_causal,partial
latest_live_10,latest_live_10-RPLY00197,latest_live_10-COM00009,1200000,latest_live_10-SEM0044-000001185190,1185190,topic_related_not_causal,-14810,host_speech_temporally_near_comment_but_delta_outside_direct_reply_window,prompted_comment;topic_related_not_causal;unanswered,0.22,topic_related_not_causal,partial
latest_live_10,latest_live_10-RPLY00198,latest_live_10-COM00010,1500000,latest_live_10-SEM0057-000001494600,1494600,topic_related_not_causal,-5400,host_speech_temporally_near_comment_but_delta_outside_direct_reply_window,prompted_comment;topic_related_not_causal;unanswered,0.22,topic_related_not_causal,partial
latest_live_10,latest_live_10-RPLY00199,latest_live_10-COM00011,1800000,latest_live_10-SEM0071-000001798630,1798630,topic_related_not_causal,-1370,host_speech_temporally_near_comment_but_delta_outside_direct_reply_window,prompted_comment;topic_related_not_causal;unanswered,0.22,topic_related_not_causal,partial
latest_live_10,latest_live_10-RPLY00200,latest_live_10-COM00012,1800000,latest_live_10-SEM0071-000001798630,1798630,topic_related_not_causal,-1370,host_speech_temporally_near_comment_but_delta_outside_direct_reply_window,prompted_comment;topic_related_not_causal;unanswered,0.22,topic_related_not_causal,partial
latest_live_10,latest_live_10-RPLY00201,latest_live_10-COM00013,2400000,latest_live_10-SEM0101-000002397740,2397740,topic_related_not_causal,-2260,host_speech_temporally_near_comment_but_delta_outside_direct_reply_window,prompted_comment;topic_related_not_causal;unanswered,0.22,topic_related_not_causal,partial
latest_live_10,latest_live_10-RPLY00202,latest_live_10-COM00014,2400000,latest_live_10-SEM0101-000002397740,2397740,topic_related_not_causal,-2260,host_speech_temporally_near_comment_but_delta_outside_direct_reply_window,prompted_comment;topic_related_not_causal;unanswered,0.22,topic_related_not_causal,partial
latest_live_10,latest_live_10-RPLY00203,latest_live_10-COM00015,2700000,latest_live_10-SEM0113-000002696040,2696040,topic_related_not_causal,-3960,host_speech_temporally_near_comment_but_delta_outside_direct_reply_window,prompted_comment;topic_related_not_causal;unanswered,0.22,topic_related_not_causal,partial
latest_live_10,latest_live_10-RPLY00204,latest_live_10-COM00016,3300000,latest_live_10-SEM0138-000003321850,3321850,insufficient_source_evidence,21850,comment_visible_then_host_speech_nearby_but_no_direct_address_proof,prompted_comment;topic_related_not_causal;unanswered,0.35,insufficient_source_evidence,partial
latest_live_10,latest_live_10-RPLY00205,latest_live_10-COM00017,3300000,latest_live_10-SEM0138-000003321850,3321850,insufficient_source_evidence,21850,comment_visible_then_host_speech_nearby_but_no_direct_address_proof,prompted_comment;topic_related_not_causal;unanswered,0.35,insufficient_source_evidence,partial
latest_live_10,latest_live_10-RPLY00206,latest_live_10-COM00018,4200000,latest_live_10-SEM0180-000004202860,4202860,insufficient_source_evidence,2860,comment_visible_then_host_speech_nearby_but_no_direct_address_proof,prompted_comment;topic_related_not_causal;unanswered,0.35,insufficient_source_evidence,partial
latest_live_10,latest_live_10-RPLY00207,latest_live_10-COM00019,4200000,latest_live_10-SEM0180-000004202860,4202860,insufficient_source_evidence,2860,comment_visible_then_host_speech_nearby_but_no_direct_address_proof,prompted_comment;topic_related_not_causal;unanswered,0.35,insufficient_source_evidence,partial
latest_live_10,latest_live_10-RPLY00208,latest_live_10-COM00020,4200000,latest_live_10-SEM0180-000004202860,4202860,insufficient_source_evidence,2860,comment_visible_then_host_speech_nearby_but_no_direct_address_proof,prompted_comment;topic_related_not_causal;unanswered,0.35,insufficient_source_evidence,partial
latest_live_10,latest_live_10-RPLY00209,latest_live_10-COM00021,4500000,latest_live_10-SEM0192-000004498970,4498970,topic_related_not_causal,-1030,host_speech_temporally_near_comment_but_delta_outside_direct_reply_window,prompted_comment;topic_related_not_causal;unanswered,0.22,topic_related_not_causal,partial
latest_live_10,latest_live_10-RPLY00210,latest_live_10-COM00022,4500000,latest_live_10-SEM0192-000004498970,4498970,topic_related_not_causal,-1030,host_speech_temporally_near_comment_but_delta_outside_direct_reply_window,prompted_comment;topic_related_not_causal;unanswered,0.22,topic_related_not_causal,partial
latest_live_10,latest_live_10-RPLY00211,latest_live_10-COM00023,4800000,latest_live_10-SEM0205-000004819450,4819450,insufficient_source_evidence,19450,comment_visible_then_host_speech_nearby_but_no_direct_address_proof,prompted_comment;topic_related_not_causal;unanswered,0.35,insufficient_source_evidence,partial
latest_live_10,latest_live_10-RPLY00212,latest_live_10-COM00024,4800000,latest_live_10-SEM0205-000004819450,4819450,insufficient_source_evidence,19450,comment_visible_then_host_speech_nearby_but_no_direct_address_proof,prompted_comment;topic_related_not_causal;unanswered,0.35,insufficient_source_evidence,partial
latest_live_10,latest_live_10-RPLY00213,latest_live_10-COM00025,5100000,latest_live_10-SEM0217-000005092920,5092920,topic_related_not_causal,-7080,host_speech_temporally_near_comment_but_delta_outside_direct_reply_window,prompted_comment;topic_related_not_causal;unanswered,0.22,topic_related_not_causal,partial
latest_live_10,latest_live_10-RPLY00214,latest_live_10-COM00026,5700000,latest_live_10-SEM0242-000005690640,5690640,topic_related_not_causal,-9360,host_speech_temporally_near_comment_but_delta_outside_direct_reply_window,prompted_comment;topic_related_not_causal;unanswered,0.22,topic_related_not_causal,partial
