session_id,comment_id,dedupe_group_id,comment_text_redacted,comment_intent_candidate,comment_risk,first_seen_ms,last_seen_ms,seen_count,source_window_ids,evidence_refs,final_state,completion_status
latest_live_01,latest_live_01-COM00001,latest_live_01-DGcbc42e3a2d4e,私教课程-东方瑜伽，私教练课,咨询/询问,none,0,8000,1,latest_live_01-QW0001,_local_runtime/最新直播全量解析_latest_live_full_analysis/full_20260723_155512/latest_live_01/api_raw/latest_live_01_vision_0001_qwen-vl-plus.json,observed_lifecycle_completed_source_limited_reply,partial
latest_live_01,latest_live_01-COM00002,latest_live_01-DG4d289cc138e5,五天免费练一练，指导,推广/宣传,none,0,8000,1,latest_live_01-QW0001,_local_runtime/最新直播全量解析_latest_live_full_analysis/full_20260723_155512/latest_live_01/api_raw/latest_live_01_vision_0001_qwen-vl-plus.json,observed_lifecycle_completed_source_limited_reply,partial
latest_live_01,latest_live_01-COM00003,latest_live_01-DG3e0d900aeddd,老师讲得很好，受益匪浅。,positive_feedback,none,300000,308000,1,latest_live_01-QW0002,_local_runtime/最新直播全量解析_latest_live_full_analysis/full_20260723_155512/latest_live_01/api_raw/latest_live_01_vision_0002_qwen-vl-plus.json,observed_lifecycle_completed_source_limited_reply,partial
latest_live_01,latest_live_01-COM00004,latest_live_01-DG7a5725b55183,期待下一期课程。,future_engagement,none,300000,308000,1,latest_live_01-QW0002,_local_runtime/最新直播全量解析_latest_live_full_analysis/full_20260723_155512/latest_live_01/api_raw/latest_live_01_vision_0002_qwen-vl-plus.json,observed_lifecycle_completed_source_limited_reply,partial
latest_live_01,latest_live_01-COM00005,latest_live_01-DG1684d19545bb,学习到了很多实用技巧。,positive_feedback,none,300000,308000,1,latest_live_01-QW0002,_local_runtime/最新直播全量解析_latest_live_full_analysis/full_20260723_155512/latest_live_01/api_raw/latest_live_01_vision_0002_qwen-vl-plus.json,observed_lifecycle_completed_source_limited_reply,partial
latest_live_01,latest_live_01-COM00006,latest_live_01-DG2e2b69a42445,老师讲得很好，谢谢！,appreciation,none,600000,608000,1,latest_live_01-QW0003,_local_runtime/最新直播全量解析_latest_live_full_analysis/full_20260723_155512/latest_live_01/api_raw/latest_live_01_vision_0003_qwen-vl-plus.json,observed_lifecycle_completed_source_limited_reply,partial
latest_live_01,latest_live_01-COM00007,latest_live_01-DG6c5cc92ab3ee,期待下节课！,anticipation,none,600000,608000,1,latest_live_01-QW0003,_local_runtime/最新直播全量解析_latest_live_full_analysis/full_20260723_155512/latest_live_01/api_raw/latest_live_01_vision_0003_qwen-vl-plus.json,observed_lifecycle_completed_source_limited_reply,partial
latest_live_01,latest_live_01-COM00008,latest_live_01-DG57708c1ed278,学到很多，感谢老师。,appreciation,none,600000,608000,1,latest_live_01-QW0003,_local_runtime/最新直播全量解析_latest_live_full_analysis/full_20260723_155512/latest_live_01/api_raw/latest_live_01_vision_0003_qwen-vl-plus.json,observed_lifecycle_completed_source_limited_reply,partial
latest_live_01,latest_live_01-COM00009,latest_live_01-DG7142050a8222,老师好！,greeting,none,900000,3608000,4,latest_live_01-QW0004;latest_live_01-QW0005;latest_live_01-QW0012;latest_live_01-QW0013,_local_runtime/最新直播全量解析_latest_live_full_analysis/full_20260723_155512/latest_live_01/api_raw/latest_live_01_vision_0004_qwen-vl-plus.json;_local_runtime/最新直播全量解析_latest_live_full_analysis/full_20260723_155512/latest_live_01/api_raw/latest_live_01_vision_0005_qwen-vl-plus.json;_local_runtime/最新直播全量解析_latest_live_full_analysis/full_20260723_155512/latest_live_01/api_raw/latest_live_01_vision_0012_qwen-vl-plus.json;_local_runtime/最新直播全量解析_latest_live_full_analysis/full_20260723_155512/latest_live_01/api_raw/latest_live_01_vision_0013_qwen-vl-plus.json,observed_lifecycle_completed_source_limited_reply,partial
latest_live_01,latest_live_01-COM00010,latest_live_01-DG03eb61650869,期待老师的课程！,anticipation,none,900000,908000,1,latest_live_01-QW0004,_local_runtime/最新直播全量解析_latest_live_full_analysis/full_20260723_155512/latest_live_01/api_raw/latest_live_01_vision_0004_qwen-vl-plus.json,observed_lifecycle_completed_source_limited_reply,partial
latest_live_01,latest_live_01-COM00011,latest_live_01-DG9eda127ed341,老师加油！,encouragement,none,900000,3608000,3,latest_live_01-QW0004;latest_live_01-QW0005;latest_live_01-QW0013,_local_runtime/最新直播全量解析_latest_live_full_analysis/full_20260723_155512/latest_live_01/api_raw/latest_live_01_vision_0004_qwen-vl-plus.json;_local_runtime/最新直播全量解析_latest_live_full_analysis/full_20260723_155512/latest_live_01/api_raw/latest_live_01_vision_0005_qwen-vl-plus.json;_local_runtime/最新直播全量解析_latest_live_full_analysis/full_20260723_155512/latest_live_01/api_raw/latest_live_01_vision_0013_qwen-vl-plus.json,observed_lifecycle_completed_source_limited_reply,partial
latest_live_01,latest_live_01-COM00012,latest_live_01-DG66d243487c03,请问怎么练习,question,none,1200000,1208000,1,latest_live_01-QW0005,_local_runtime/最新直播全量解析_latest_live_full_analysis/full_20260723_155512/latest_live_01/api_raw/latest_live_01_vision_0005_qwen-vl-plus.json,observed_lifecycle_completed_source_limited_reply,partial
latest_live_01,latest_live_01-COM00013,latest_live_01-DG45b84f5a2f97,老师讲得很好！,positive_feedback,none,1500000,1808000,2,latest_live_01-QW0006;latest_live_01-QW0007,_local_runtime/最新直播全量解析_latest_live_full_analysis/full_20260723_155512/latest_live_01/api_raw/latest_live_01_vision_0006_qwen-vl-plus.json;_local_runtime/最新直播全量解析_latest_live_full_analysis/full_20260723_155512/latest_live_01/api_raw/latest_live_01_vision_0007_qwen-vl-plus.json,observed_lifecycle_completed_source_limited_reply,partial
latest_live_01,latest_live_01-COM00014,latest_live_01-DGc5455fb2d4ab,期待下一节课！,anticipation,none,1500000,1508000,1,latest_live_01-QW0006,_local_runtime/最新直播全量解析_latest_live_full_analysis/full_20260723_155512/latest_live_01/api_raw/latest_live_01_vision_0006_qwen-vl-plus.json,observed_lifecycle_completed_source_limited_reply,partial
latest_live_01,latest_live_01-COM00015,latest_live_01-DG37c1c46cac35,期待下一课！,anticipation,none,1800000,1808000,1,latest_live_01-QW0007,_local_runtime/最新直播全量解析_latest_live_full_analysis/full_20260723_155512/latest_live_01/api_raw/latest_live_01_vision_0007_qwen-vl-plus.json,observed_lifecycle_completed_source_limited_reply,partial
latest_live_01,latest_live_01-COM00016,latest_live_01-DG69d8d76de7af,老师讲得真好！,positive_feedback,none,2100000,3008000,2,latest_live_01-QW0008;latest_live_01-QW0011,_local_runtime/最新直播全量解析_latest_live_full_analysis/full_20260723_155512/latest_live_01/api_raw/latest_live_01_vision_0008_qwen-vl-plus.json;_local_runtime/最新直播全量解析_latest_live_full_analysis/full_20260723_155512/latest_live_01/api_raw/latest_live_01_vision_0011_qwen-vl-plus.json,observed_lifecycle_completed_source_limited_reply,partial
latest_live_01,latest_live_01-COM00017,latest_live_01-DG6a01a6d976d8,学到很多，谢谢老师。,gratitude,none,2100000,2108000,1,latest_live_01-QW0008,_local_runtime/最新直播全量解析_latest_live_full_analysis/full_20260723_155512/latest_live_01/api_raw/latest_live_01_vision_0008_qwen-vl-plus.json,observed_lifecycle_completed_source_limited_reply,partial
latest_live_01,latest_live_01-COM00018,latest_live_01-DG7c4d06fdd2db,已经很累了，睡不着,expressing fatigue or sleep issues,none,2400000,2408000,1,latest_live_01-QW0009,_local_runtime/最新直播全量解析_latest_live_full_analysis/full_20260723_155512/latest_live_01/api_raw/latest_live_01_vision_0009_qwen-vl-max.json,observed_lifecycle_completed_source_limited_reply,partial
latest_live_01,latest_live_01-COM00019,latest_live_01-DG00738c419267,太难了，坚持不住,expressing difficulty with the exercise,none,2400000,2408000,1,latest_live_01-QW0009,_local_runtime/最新直播全量解析_latest_live_full_analysis/full_20260723_155512/latest_live_01/api_raw/latest_live_01_vision_0009_qwen-vl-max.json,observed_lifecycle_completed_source_limited_reply,partial
latest_live_01,latest_live_01-COM00020,latest_live_01-DG99d0392d4246,每天坚持练，效果明显,sharing positive experience,none,2400000,2408000,1,latest_live_01-QW0009,_local_runtime/最新直播全量解析_latest_live_full_analysis/full_20260723_155512/latest_live_01/api_raw/latest_live_01_vision_0009_qwen-vl-max.json,observed_lifecycle_completed_source_limited_reply,partial
latest_live_01,latest_live_01-COM00021,latest_live_01-DGff92d86fdd72,老师讲得很清楚，容易理解,praising clarity of instruction,none,2400000,2408000,1,latest_live_01-QW0009,_local_runtime/最新直播全量解析_latest_live_full_analysis/full_20260723_155512/latest_live_01/api_raw/latest_live_01_vision_0009_qwen-vl-max.json,observed_lifecycle_completed_source_limited_reply,partial
latest_live_01,latest_live_01-COM00022,latest_live_01-DG310f4b31ba34,练完感觉轻松多了,sharing post-exercise feedback,none,2400000,2408000,1,latest_live_01-QW0009,_local_runtime/最新直播全量解析_latest_live_full_analysis/full_20260723_155512/latest_live_01/api_raw/latest_live_01_vision_0009_qwen-vl-max.json,observed_lifecycle_completed_source_limited_reply,partial
latest_live_01,latest_live_01-COM00023,latest_live_01-DGfd92121601b6,泡什么茶,咨询,none,2700000,2708000,1,latest_live_01-QW0010,_local_runtime/最新直播全量解析_latest_live_full_analysis/full_20260723_155512/latest_live_01/api_raw/latest_live_01_vision_0010_qwen-vl-plus.json,observed_lifecycle_completed_source_limited_reply,partial
latest_live_01,latest_live_01-COM00024,latest_live_01-DG088db8f4b36c,学到很多知识。,learning_experience,none,3000000,3008000,1,latest_live_01-QW0011,_local_runtime/最新直播全量解析_latest_live_full_analysis/full_20260723_155512/latest_live_01/api_raw/latest_live_01_vision_0011_qwen-vl-plus.json,observed_lifecycle_completed_source_limited_reply,partial
latest_live_01,latest_live_01-COM00025,latest_live_01-DGa62c0880539b,期待您的指导！,anticipation,none,3300000,3308000,1,latest_live_01-QW0012,_local_runtime/最新直播全量解析_latest_live_full_analysis/full_20260723_155512/latest_live_01/api_raw/latest_live_01_vision_0012_qwen-vl-plus.json,observed_lifecycle_completed_source_limited_reply,partial
latest_live_01,latest_live_01-COM00026,latest_live_01-DG9755bd0fb1c3,期待,anticipation,none,3600000,3608000,1,latest_live_01-QW0013,_local_runtime/最新直播全量解析_latest_live_full_analysis/full_20260723_155512/latest_live_01/api_raw/latest_live_01_vision_0013_qwen-vl-plus.json,observed_lifecycle_completed_source_limited_reply,partial
latest_live_01,latest_live_01-COM00027,latest_live_01-DG3f6fa07e7b30,这么快,询问速度,none,3900000,3908000,1,latest_live_01-QW0014,_local_runtime/最新直播全量解析_latest_live_full_analysis/full_20260723_155512/latest_live_01/api_raw/latest_live_01_vision_0014_qwen-vl-plus.json,observed_lifecycle_completed_source_limited_reply,partial
latest_live_01,latest_live_01-COM00028,latest_live_01-DGf5503ecd15e1,三哥好,打招呼,none,3900000,3908000,1,latest_live_01-QW0014,_local_runtime/最新直播全量解析_latest_live_full_analysis/full_20260723_155512/latest_live_01/api_raw/latest_live_01_vision_0014_qwen-vl-plus.json,observed_lifecycle_completed_source_limited_reply,partial
latest_live_01,latest_live_01-COM00029,latest_live_01-DG77a992441b74,老师好，怎么联系客服？,咨询,none,4200000,4208000,1,latest_live_01-QW0015,_local_runtime/最新直播全量解析_latest_live_full_analysis/full_20260723_155512/latest_live_01/api_raw/latest_live_01_vision_0015_qwen-vl-plus.json,observed_lifecycle_completed_source_limited_reply,partial
latest_live_01,latest_live_01-COM00030,latest_live_01-DG9be697247e11,课程什么时候开课？,询问时间,none,4200000,4208000,1,latest_live_01-QW0015,_local_runtime/最新直播全量解析_latest_live_full_analysis/full_20260723_155512/latest_live_01/api_raw/latest_live_01_vision_0015_qwen-vl-plus.json,observed_lifecycle_completed_source_limited_reply,partial
latest_live_01,latest_live_01-COM00031,latest_live_01-DG5e33e9bfdc1e,对指导,确认,none,4200000,4208000,1,latest_live_01-QW0015,_local_runtime/最新直播全量解析_latest_live_full_analysis/full_20260723_155512/latest_live_01/api_raw/latest_live_01_vision_0015_qwen-vl-plus.json,observed_lifecycle_completed_source_limited_reply,partial
latest_live_01,latest_live_01-COM00032,latest_live_01-DG8e84582b6886,老师讲得好棒！,positive_feedback,none,4500000,4508000,1,latest_live_01-QW0016,_local_runtime/最新直播全量解析_latest_live_full_analysis/full_20260723_155512/latest_live_01/api_raw/latest_live_01_vision_0016_qwen-vl-plus.json,observed_lifecycle_completed_source_limited_reply,partial
latest_live_01,latest_live_01-COM00033,latest_live_01-DGf6abded44e04,学到新知识了，谢谢老师。,gratitude,none,4500000,4508000,1,latest_live_01-QW0016,_local_runtime/最新直播全量解析_latest_live_full_analysis/full_20260723_155512/latest_live_01/api_raw/latest_live_01_vision_0016_qwen-vl-plus.json,observed_lifecycle_completed_source_limited_reply,partial
latest_live_01,latest_live_01-COM00034,latest_live_01-DGea6de5209d12,不错，老师讲得很好。,positive_feedback,none,4800000,4808000,1,latest_live_01-QW0017,_local_runtime/最新直播全量解析_latest_live_full_analysis/full_20260723_155512/latest_live_01/api_raw/latest_live_01_vision_0017_qwen-vl-plus.json,observed_lifecycle_completed_source_limited_reply,partial
latest_live_01,latest_live_01-COM00035,latest_live_01-DG3fc749b7ad38,学到很多新知识。,learning_experience,none,4800000,4808000,1,latest_live_01-QW0017,_local_runtime/最新直播全量解析_latest_live_full_analysis/full_20260723_155512/latest_live_01/api_raw/latest_live_01_vision_0017_qwen-vl-plus.json,observed_lifecycle_completed_source_limited_reply,partial
latest_live_01,latest_live_01-COM00036,latest_live_01-DG98486fe9de23,老师，我今天学到了很多。,学习反馈,none,5100000,5108000,1,latest_live_01-QW0018,_local_runtime/最新直播全量解析_latest_live_full_analysis/full_20260723_155512/latest_live_01/api_raw/latest_live_01_vision_0018_qwen-vl-plus.json,observed_lifecycle_completed_source_limited_reply,partial
latest_live_01,latest_live_01-COM00037,latest_live_01-DG6e01ea37ebe9,谢谢老师的指导。,感谢,none,5100000,5108000,1,latest_live_01-QW0018,_local_runtime/最新直播全量解析_latest_live_full_analysis/full_20260723_155512/latest_live_01/api_raw/latest_live_01_vision_0018_qwen-vl-plus.json,observed_lifecycle_completed_source_limited_reply,partial
latest_live_01,latest_live_01-COM00038,latest_live_01-DG529217de8213,评论内容已脱敏,咨询/提问,none,5400000,5408000,1,latest_live_01-QW0019,_local_runtime/最新直播全量解析_latest_live_full_analysis/full_20260723_155512/latest_live_01/api_raw/latest_live_01_vision_0019_qwen-vl-plus.json,observed_lifecycle_completed_source_limited_reply,partial
latest_live_01,latest_live_01-COM00039,latest_live_01-DG5fa5f28bdcf1,老师，我买了，能退吗？,咨询退款政策,none,5700000,5708000,1,latest_live_01-QW0020,_local_runtime/最新直播全量解析_latest_live_full_analysis/full_20260723_155512/latest_live_01/api_raw/latest_live_01_vision_0020_qwen3-vl-plus.json,observed_lifecycle_completed_source_limited_reply,partial
latest_live_01,latest_live_01-COM00040,latest_live_01-DG81dee831583b,五天免费课程，一对一指导,复述宣传语,none,5700000,5708000,1,latest_live_01-QW0020,_local_runtime/最新直播全量解析_latest_live_full_analysis/full_20260723_155512/latest_live_01/api_raw/latest_live_01_vision_0020_qwen3-vl-plus.json,observed_lifecycle_completed_source_limited_reply,partial
latest_live_01,latest_live_01-COM00041,latest_live_01-DG0906b1e639f1,已下单，等发货,确认购买行为,none,5700000,5708000,1,latest_live_01-QW0020,_local_runtime/最新直播全量解析_latest_live_full_analysis/full_20260723_155512/latest_live_01/api_raw/latest_live_01_vision_0020_qwen3-vl-plus.json,observed_lifecycle_completed_source_limited_reply,partial
latest_live_01,latest_live_01-COM00042,latest_live_01-DG844e2fc6391d,这个课程适合零基础吗？,询问课程适用性,none,5700000,5708000,1,latest_live_01-QW0020,_local_runtime/最新直播全量解析_latest_live_full_analysis/full_20260723_155512/latest_live_01/api_raw/latest_live_01_vision_0020_qwen3-vl-plus.json,observed_lifecycle_completed_source_limited_reply,partial
latest_live_02,latest_live_02-COM00001,latest_live_02-DG37c2f8392031,老师好~一年无花无果，私教指导,咨询/求助,none,0,8000,1,latest_live_02-QW0001,_local_runtime/最新直播全量解析_latest_live_full_analysis/full_20260723_155512/latest_live_02/api_raw/latest_live_02_vision_0001_qwen-vl-plus.json,observed_lifecycle_completed_source_limited_reply,partial
latest_live_02,latest_live_02-COM00002,latest_live_02-DG553343778647,老师我想你~东方瑜伽,表达喜爱,none,0,8000,1,latest_live_02-QW0001,_local_runtime/最新直播全量解析_latest_live_full_analysis/full_20260723_155512/latest_live_02/api_raw/latest_live_02_vision_0001_qwen-vl-plus.json,observed_lifecycle_completed_source_limited_reply,partial
latest_live_02,latest_live_02-COM00003,latest_live_02-DG7142050a8222,老师好,greeting,none,300000,4208000,4,latest_live_02-QW0002;latest_live_02-QW0009;latest_live_02-QW0011;latest_live_02-QW0015,_local_runtime/最新直播全量解析_latest_live_full_analysis/full_20260723_155512/latest_live_02/api_raw/latest_live_02_vision_0002_qwen-vl-plus.json;_local_runtime/最新直播全量解析_latest_live_full_analysis/full_20260723_155512/latest_live_02/api_raw/latest_live_02_vision_0009_qwen-vl-plus.json;_local_runtime/最新直播全量解析_latest_live_full_analysis/full_20260723_155512/latest_live_02/api_raw/latest_live_02_vision_0011_qwen-vl-plus.json;_local_runtime/最新直播全量解析_latest_live_full_analysis/full_20260723_155512/latest_live_02/api_raw/latest_live_02_vision_0015_qwen-vl-plus.json,observed_lifecycle_completed_source_limited_reply,partial
latest_live_02,latest_live_02-COM00004,latest_live_02-DG82b67f2bc873,请问怎么开始？,inquiry,none,300000,2408000,2,latest_live_02-QW0002;latest_live_02-QW0009,_local_runtime/最新直播全量解析_latest_live_full_analysis/full_20260723_155512/latest_live_02/api_raw/latest_live_02_vision_0002_qwen-vl-plus.json;_local_runtime/最新直播全量解析_latest_live_full_analysis/full_20260723_155512/latest_live_02/api_raw/latest_live_02_vision_0009_qwen-vl-plus.json,observed_lifecycle_completed_source_limited_reply,partial
latest_live_02,latest_live_02-COM00005,latest_live_02-DG15f0b9c61741,老师讲得太好了！,positive_feedback,none,600000,608000,1,latest_live_02-QW0003,_local_runtime/最新直播全量解析_latest_live_full_analysis/full_20260723_155512/latest_live_02/api_raw/latest_live_02_vision_0003_qwen-vl-plus.json,observed_lifecycle_completed_source_limited_reply,partial
latest_live_02,latest_live_02-COM00006,latest_live_02-DG6c5cc92ab3ee,期待下节课！,anticipation,none,600000,908000,2,latest_live_02-QW0003;latest_live_02-QW0004,_local_runtime/最新直播全量解析_latest_live_full_analysis/full_20260723_155512/latest_live_02/api_raw/latest_live_02_vision_0003_qwen-vl-plus.json;_local_runtime/最新直播全量解析_latest_live_full_analysis/full_20260723_155512/latest_live_02/api_raw/latest_live_02_vision_0004_qwen-vl-plus.json,observed_lifecycle_completed_source_limited_reply,partial
latest_live_02,latest_live_02-COM00007,latest_live_02-DG3e0d900aeddd,老师讲得很好，受益匪浅。,学习反馈,none,900000,908000,1,latest_live_02-QW0004,_local_runtime/最新直播全量解析_latest_live_full_analysis/full_20260723_155512/latest_live_02/api_raw/latest_live_02_vision_0004_qwen-vl-plus.json,observed_lifecycle_completed_source_limited_reply,partial
latest_live_02,latest_live_02-COM00008,latest_live_02-DG45b84f5a2f97,老师讲得很好！,positive_feedback,none,1200000,2708000,4,latest_live_02-QW0005;latest_live_02-QW0007;latest_live_02-QW0008;latest_live_02-QW0010,_local_runtime/最新直播全量解析_latest_live_full_analysis/full_20260723_155512/latest_live_02/api_raw/latest_live_02_vision_0005_qwen-vl-plus.json;_local_runtime/最新直播全量解析_latest_live_full_analysis/full_20260723_155512/latest_live_02/api_raw/latest_live_02_vision_0007_qwen-vl-plus.json;_local_runtime/最新直播全量解析_latest_live_full_analysis/full_20260723_155512/latest_live_02/api_raw/latest_live_02_vision_0008_qwen-vl-plus.json;_local_runtime/最新直播全量解析_latest_live_full_analysis/full_20260723_155512/latest_live_02/api_raw/latest_live_02_vision_0010_qwen-vl-plus.json,observed_lifecycle_completed_source_limited_reply,partial
latest_live_02,latest_live_02-COM00009,latest_live_02-DG664e891ff457,期待更多内容。,engagement,none,1200000,2708000,4,latest_live_02-QW0005;latest_live_02-QW0007;latest_live_02-QW0008;latest_live_02-QW0010,_local_runtime/最新直播全量解析_latest_live_full_analysis/full_20260723_155512/latest_live_02/api_raw/latest_live_02_vision_0005_qwen-vl-plus.json;_local_runtime/最新直播全量解析_latest_live_full_analysis/full_20260723_155512/latest_live_02/api_raw/latest_live_02_vision_0007_qwen-vl-plus.json;_local_runtime/最新直播全量解析_latest_live_full_analysis/full_20260723_155512/latest_live_02/api_raw/latest_live_02_vision_0008_qwen-vl-plus.json;_local_runtime/最新直播全量解析_latest_live_full_analysis/full_20260723_155512/latest_live_02/api_raw/latest_live_02_vision_0010_qwen-vl-plus.json,observed_lifecycle_completed_source_limited_reply,partial
latest_live_02,latest_live_02-COM00010,latest_live_02-DG2e2b69a42445,老师讲得很好，谢谢！,感谢,none,1500000,1508000,1,latest_live_02-QW0006,_local_runtime/最新直播全量解析_latest_live_full_analysis/full_20260723_155512/latest_live_02/api_raw/latest_live_02_vision_0006_qwen-vl-plus.json,observed_lifecycle_completed_source_limited_reply,partial
latest_live_02,latest_live_02-COM00011,latest_live_02-DGe179354ef281,学到很多，继续加油！,鼓励,none,1500000,1508000,1,latest_live_02-QW0006,_local_runtime/最新直播全量解析_latest_live_full_analysis/full_20260723_155512/latest_live_02/api_raw/latest_live_02_vision_0006_qwen-vl-plus.json,observed_lifecycle_completed_source_limited_reply,partial
latest_live_02,latest_live_02-COM00012,latest_live_02-DG9755bd0fb1c3,期待,expression_of_interest,none,2400000,2408000,1,latest_live_02-QW0009,_local_runtime/最新直播全量解析_latest_live_full_analysis/full_20260723_155512/latest_live_02/api_raw/latest_live_02_vision_0009_qwen-vl-plus.json,observed_lifecycle_completed_source_limited_reply,partial
latest_live_02,latest_live_02-COM00013,latest_live_02-DG66d243487c03,请问怎么练习,question,none,3000000,4208000,2,latest_live_02-QW0011;latest_live_02-QW0015,_local_runtime/最新直播全量解析_latest_live_full_analysis/full_20260723_155512/latest_live_02/api_raw/latest_live_02_vision_0011_qwen-vl-plus.json;_local_runtime/最新直播全量解析_latest_live_full_analysis/full_20260723_155512/latest_live_02/api_raw/latest_live_02_vision_0015_qwen-vl-plus.json,observed_lifecycle_completed_source_limited_reply,partial
latest_live_02,latest_live_02-COM00014,latest_live_02-DG12236eca9888,老师讲得真好，已下单,positive feedback and purchase confirmation,none,3300000,3308000,1,latest_live_02-QW0012,_local_runtime/最新直播全量解析_latest_live_full_analysis/full_20260723_155512/latest_live_02/api_raw/latest_live_02_vision_0012_qwen3-vl-plus.json,observed_lifecycle_completed_source_limited_reply,partial
latest_live_02,latest_live_02-COM00015,latest_live_02-DGeadd52ceeb07,五天免费训练营怎么报名,inquiry about enrollment,none,3300000,3308000,1,latest_live_02-QW0012,_local_runtime/最新直播全量解析_latest_live_full_analysis/full_20260723_155512/latest_live_02/api_raw/latest_live_02_vision_0012_qwen3-vl-plus.json,observed_lifecycle_completed_source_limited_reply,partial
latest_live_02,latest_live_02-COM00016,latest_live_02-DG372ee2e58789,刚进直播间，能补课吗,request for catch-up access,none,3300000,3308000,1,latest_live_02-QW0012,_local_runtime/最新直播全量解析_latest_live_full_analysis/full_20260723_155512/latest_live_02/api_raw/latest_live_02_vision_0012_qwen3-vl-plus.json,observed_lifecycle_completed_source_limited_reply,partial
latest_live_02,latest_live_02-COM00017,latest_live_02-DGac97ff515fa7,课程有回放吗,inquiry about replay availability,none,3300000,3308000,1,latest_live_02-QW0012,_local_runtime/最新直播全量解析_latest_live_full_analysis/full_20260723_155512/latest_live_02/api_raw/latest_live_02_vision_0012_qwen3-vl-plus.json,observed_lifecycle_completed_source_limited_reply,partial
latest_live_02,latest_live_02-COM00018,latest_live_02-DG69d8d76de7af,老师讲得真好！,positive_feedback,none,3600000,3608000,1,latest_live_02-QW0013,_local_runtime/最新直播全量解析_latest_live_full_analysis/full_20260723_155512/latest_live_02/api_raw/latest_live_02_vision_0013_qwen-vl-plus.json,observed_lifecycle_completed_source_limited_reply,partial
latest_live_02,latest_live_02-COM00019,latest_live_02-DG3fc749b7ad38,学到很多新知识。,learning_experience,none,3600000,3608000,1,latest_live_02-QW0013,_local_runtime/最新直播全量解析_latest_live_full_analysis/full_20260723_155512/latest_live_02/api_raw/latest_live_02_vision_0013_qwen-vl-plus.json,observed_lifecycle_completed_source_limited_reply,partial
latest_live_02,latest_live_02-COM00020,latest_live_02-DG7e011fb5ed63,不要30只是480的吗,price clarification,none,3900000,3908000,1,latest_live_02-QW0014,_local_runtime/最新直播全量解析_latest_live_full_analysis/full_20260723_155512/latest_live_02/api_raw/latest_live_02_vision_0014_qwen3-vl-plus.json,observed_lifecycle_completed_source_limited_reply,partial
latest_live_02,latest_live_02-COM00021,latest_live_02-DGb7a2b538d765,主播你别再讲了我都听不下去了,frustration expression,none,3900000,3908000,1,latest_live_02-QW0014,_local_runtime/最新直播全量解析_latest_live_full_analysis/full_20260723_155512/latest_live_02/api_raw/latest_live_02_vision_0014_qwen3-vl-plus.json,observed_lifecycle_completed_source_limited_reply,partial
latest_live_02,latest_live_02-COM00022,latest_live_02-DG8adfe62a9fa6,这个是啥？,product inquiry,none,3900000,3908000,1,latest_live_02-QW0014,_local_runtime/最新直播全量解析_latest_live_full_analysis/full_20260723_155512/latest_live_02/api_raw/latest_live_02_vision_0014_qwen3-vl-plus.json,observed_lifecycle_completed_source_limited_reply,partial
latest_live_02,latest_live_02-COM00023,latest_live_02-DG6c7c508c5ea3,怎么又来了,repetition complaint,none,3900000,3908000,1,latest_live_02-QW0014,_local_runtime/最新直播全量解析_latest_live_full_analysis/full_20260723_155512/latest_live_02/api_raw/latest_live_02_vision_0014_qwen3-vl-plus.json,observed_lifecycle_completed_source_limited_reply,partial
latest_live_02,latest_live_02-COM00024,latest_live_02-DG9eda127ed341,老师加油,encouragement,none,4200000,4508000,2,latest_live_02-QW0015;latest_live_02-QW0016,_local_runtime/最新直播全量解析_latest_live_full_analysis/full_20260723_155512/latest_live_02/api_raw/latest_live_02_vision_0015_qwen-vl-plus.json;_local_runtime/最新直播全量解析_latest_live_full_analysis/full_20260723_155512/latest_live_02/api_raw/latest_live_02_vision_0016_qwen-vl-plus.json,observed_lifecycle_completed_source_limited_reply,partial
latest_live_02,latest_live_02-COM00025,latest_live_02-DG2b66d6522d37,支持老师！,support,none,4500000,4508000,1,latest_live_02-QW0016,_local_runtime/最新直播全量解析_latest_live_full_analysis/full_20260723_155512/latest_live_02/api_raw/latest_live_02_vision_0016_qwen-vl-plus.json,observed_lifecycle_completed_source_limited_reply,partial
latest_live_02,latest_live_02-COM00026,latest_live_02-DG8eda154af902,老师好，怎么才能瘦腰啊,咨询课程内容相关问题,none,4800000,4808000,1,latest_live_02-QW0017,_local_runtime/最新直播全量解析_latest_live_full_analysis/full_20260723_155512/latest_live_02/api_raw/latest_live_02_vision_0017_qwen3-vl-plus.json,observed_lifecycle_completed_source_limited_reply,partial
latest_live_02,latest_live_02-COM00027,latest_live_02-DGbda4337dc607,练了三天感觉肚子小了一点,反馈练习效果,none,4800000,4808000,1,latest_live_02-QW0017,_local_runtime/最新直播全量解析_latest_live_full_analysis/full_20260723_155512/latest_live_02/api_raw/latest_live_02_vision_0017_qwen3-vl-plus.json,observed_lifecycle_completed_source_limited_reply,partial
latest_live_02,latest_live_02-COM00028,latest_live_02-DGe5e6b1ffa2e5,请问这个动作适合产后妈妈吗,询问适用人群,none,4800000,4808000,1,latest_live_02-QW0017,_local_runtime/最新直播全量解析_latest_live_full_analysis/full_20260723_155512/latest_live_02/api_raw/latest_live_02_vision_0017_qwen3-vl-plus.json,observed_lifecycle_completed_source_limited_reply,partial
latest_live_02,latest_live_02-COM00029,latest_live_02-DG1b9a999eb60f,老师你好，我是第一次来听直播,greeting,none,5100000,5108000,1,latest_live_02-QW0018,_local_runtime/最新直播全量解析_latest_live_full_analysis/full_20260723_155512/latest_live_02/api_raw/latest_live_02_vision_0018_qwen-vl-plus.json,observed_lifecycle_completed_source_limited_reply,partial
latest_live_02,latest_live_02-COM00030,latest_live_02-DGaaea00e43c8d,老师讲得真好，受益匪浅,compliment,none,5100000,5108000,1,latest_live_02-QW0018,_local_runtime/最新直播全量解析_latest_live_full_analysis/full_20260723_155512/latest_live_02/api_raw/latest_live_02_vision_0018_qwen-vl-plus.json,observed_lifecycle_completed_source_limited_reply,partial
latest_live_02,latest_live_02-COM00031,latest_live_02-DG32461df57962,马走日，每天15分钟，空腹就能掉脂肪！,product_promotion,none,5400000,5408000,1,latest_live_02-QW0019,_local_runtime/最新直播全量解析_latest_live_full_analysis/full_20260723_155512/latest_live_02/api_raw/latest_live_02_vision_0019_qwen-vl-max.json,observed_lifecycle_completed_source_limited_reply,partial
latest_live_02,latest_live_02-COM00032,latest_live_02-DG72c5ebc33edc,减肥：每天15分钟，空腹就能掉脂肪！,product_promotion,none,5400000,5408000,1,latest_live_02-QW0019,_local_runtime/最新直播全量解析_latest_live_full_analysis/full_20260723_155512/latest_live_02/api_raw/latest_live_02_vision_0019_qwen-vl-max.json,observed_lifecycle_completed_source_limited_reply,partial
latest_live_02,latest_live_02-COM00033,latest_live_02-DG8b3bc863b9f3,健身：每天15分钟，空腹就能掉脂肪！,product_promotion,none,5400000,5408000,1,latest_live_02-QW0019,_local_runtime/最新直播全量解析_latest_live_full_analysis/full_20260723_155512/latest_live_02/api_raw/latest_live_02_vision_0019_qwen-vl-max.json,observed_lifecycle_completed_source_limited_reply,partial
latest_live_02,latest_live_02-COM00034,latest_live_02-DG26962bc337bd,减脂：每天15分钟，空腹就能掉脂肪！,product_promotion,none,5400000,5408000,1,latest_live_02-QW0019,_local_runtime/最新直播全量解析_latest_live_full_analysis/full_20260723_155512/latest_live_02/api_raw/latest_live_02_vision_0019_qwen-vl-max.json,observed_lifecycle_completed_source_limited_reply,partial
latest_live_02,latest_live_02-COM00035,latest_live_02-DG5fd54b042b9f,运动什么？,question,none,5400000,5408000,1,latest_live_02-QW0019,_local_runtime/最新直播全量解析_latest_live_full_analysis/full_20260723_155512/latest_live_02/api_raw/latest_live_02_vision_0019_qwen-vl-max.json,observed_lifecycle_completed_source_limited_reply,partial
latest_live_03,latest_live_03-COM00001,latest_live_03-DG7142050a8222,老师好,greeting,none,0,2408000,3,latest_live_03-QW0001;latest_live_03-QW0002;latest_live_03-QW0009,_local_runtime/最新直播全量解析_latest_live_full_analysis/full_20260723_155512/latest_live_03/api_raw/latest_live_03_vision_0001_qwen-vl-plus.json;_local_runtime/最新直播全量解析_latest_live_full_analysis/full_20260723_155512/latest_live_03/api_raw/latest_live_03_vision_0002_qwen-vl-plus.json;_local_runtime/最新直播全量解析_latest_live_full_analysis/full_20260723_155512/latest_live_03/api_raw/latest_live_03_vision_0009_qwen-vl-plus.json,observed_lifecycle_completed_source_limited_reply,partial
latest_live_03,latest_live_03-COM00002,latest_live_03-DGde3c0f459849,支持一下,support,none,0,8000,1,latest_live_03-QW0001,_local_runtime/最新直播全量解析_latest_live_full_analysis/full_20260723_155512/latest_live_03/api_raw/latest_live_03_vision_0001_qwen-vl-plus.json,observed_lifecycle_completed_source_limited_reply,partial
latest_live_03,latest_live_03-COM00003,latest_live_03-DG440ee0853ad1,你好,greeting,none,300000,308000,1,latest_live_03-QW0002,_local_runtime/最新直播全量解析_latest_live_full_analysis/full_20260723_155512/latest_live_03/api_raw/latest_live_03_vision_0002_qwen-vl-plus.json,observed_lifecycle_completed_source_limited_reply,partial
latest_live_03,latest_live_03-COM00004,latest_live_03-DG1a736f5321b4,加油,encouragement,none,300000,2408000,3,latest_live_03-QW0002;latest_live_03-QW0004;latest_live_03-QW0009,_local_runtime/最新直播全量解析_latest_live_full_analysis/full_20260723_155512/latest_live_03/api_raw/latest_live_03_vision_0002_qwen-vl-plus.json;_local_runtime/最新直播全量解析_latest_live_full_analysis/full_20260723_155512/latest_live_03/api_raw/latest_live_03_vision_0004_qwen-vl-plus.json;_local_runtime/最新直播全量解析_latest_live_full_analysis/full_20260723_155512/latest_live_03/api_raw/latest_live_03_vision_0009_qwen-vl-plus.json,observed_lifecycle_completed_source_limited_reply,partial
latest_live_03,latest_live_03-COM00005,latest_live_03-DG314aec69a416,老师讲的太好了,appreciation,none,600000,608000,1,latest_live_03-QW0003,_local_runtime/最新直播全量解析_latest_live_full_analysis/full_20260723_155512/latest_live_03/api_raw/latest_live_03_vision_0003_qwen-vl-plus.json,observed_lifecycle_completed_source_limited_reply,partial
latest_live_03,latest_live_03-COM00006,latest_live_03-DG0637a22295e3,学到了,learning,none,600000,608000,1,latest_live_03-QW0003,_local_runtime/最新直播全量解析_latest_live_full_analysis/full_20260723_155512/latest_live_03/api_raw/latest_live_03_vision_0003_qwen-vl-plus.json,observed_lifecycle_completed_source_limited_reply,partial
latest_live_03,latest_live_03-COM00007,latest_live_03-DG7e34502956e3,不错哦,positive_feedback,none,900000,908000,1,latest_live_03-QW0004,_local_runtime/最新直播全量解析_latest_live_full_analysis/full_20260723_155512/latest_live_03/api_raw/latest_live_03_vision_0004_qwen-vl-plus.json,observed_lifecycle_completed_source_limited_reply,partial
latest_live_03,latest_live_03-COM00008,latest_live_03-DG6fd4aae2e356,评论已脱敏,咨询/互动,none,1200000,1208000,1,latest_live_03-QW0005,_local_runtime/最新直播全量解析_latest_live_full_analysis/full_20260723_155512/latest_live_03/api_raw/latest_live_03_vision_0005_qwen-vl-plus.json,observed_lifecycle_completed_source_limited_reply,partial
latest_live_03,latest_live_03-COM00009,latest_live_03-DG69d8d76de7af,老师讲得真好！,positive_feedback,none,1500000,1508000,1,latest_live_03-QW0006,_local_runtime/最新直播全量解析_latest_live_full_analysis/full_20260723_155512/latest_live_03/api_raw/latest_live_03_vision_0006_qwen-vl-plus.json,observed_lifecycle_completed_source_limited_reply,partial
latest_live_03,latest_live_03-COM00010,latest_live_03-DG2f86a94b8397,期待实战训练营！,enrollment_interest,none,1500000,1508000,1,latest_live_03-QW0006,_local_runtime/最新直播全量解析_latest_live_full_analysis/full_20260723_155512/latest_live_03/api_raw/latest_live_03_vision_0006_qwen-vl-plus.json,observed_lifecycle_completed_source_limited_reply,partial
latest_live_03,latest_live_03-COM00011,latest_live_03-DG8d3ebaef34a4,不对啊，你打车怎么整错了,纠正信息,none,1800000,1808000,1,latest_live_03-QW0007,_local_runtime/最新直播全量解析_latest_live_full_analysis/full_20260723_155512/latest_live_03/api_raw/latest_live_03_vision_0007_qwen-vl-plus.json,observed_lifecycle_completed_source_limited_reply,partial
latest_live_03,latest_live_03-COM00012,latest_live_03-DG76146a86e779,你在门口了啊,确认位置,none,1800000,1808000,1,latest_live_03-QW0007,_local_runtime/最新直播全量解析_latest_live_full_analysis/full_20260723_155512/latest_live_03/api_raw/latest_live_03_vision_0007_qwen-vl-plus.json,observed_lifecycle_completed_source_limited_reply,partial
latest_live_03,latest_live_03-COM00013,latest_live_03-DG68eba8f6394e,大门这边整,指示方向,none,1800000,1808000,1,latest_live_03-QW0007,_local_runtime/最新直播全量解析_latest_live_full_analysis/full_20260723_155512/latest_live_03/api_raw/latest_live_03_vision_0007_qwen-vl-plus.json,observed_lifecycle_completed_source_limited_reply,partial
latest_live_03,latest_live_03-COM00014,latest_live_03-DG529217de8213,评论内容已脱敏,咨询/互动,none,2100000,2108000,1,latest_live_03-QW0008,_local_runtime/最新直播全量解析_latest_live_full_analysis/full_20260723_155512/latest_live_03/api_raw/latest_live_03_vision_0008_qwen-vl-plus.json,observed_lifecycle_completed_source_limited_reply,partial
latest_live_04,latest_live_04-COM00001,latest_live_04-DG7142050a8222,老师好！,greeting,none,0,1508000,4,latest_live_04-QW0001;latest_live_04-QW0004;latest_live_04-QW0005;latest_live_04-QW0006,_local_runtime/最新直播全量解析_latest_live_full_analysis/full_20260723_155512/latest_live_04/api_raw/latest_live_04_vision_0001_qwen-vl-plus.json;_local_runtime/最新直播全量解析_latest_live_full_analysis/full_20260723_155512/latest_live_04/api_raw/latest_live_04_vision_0004_qwen-vl-plus.json;_local_runtime/最新直播全量解析_latest_live_full_analysis/full_20260723_155512/latest_live_04/api_raw/latest_live_04_vision_0005_qwen-vl-plus.json;_local_runtime/最新直播全量解析_latest_live_full_analysis/full_20260723_155512/latest_live_04/api_raw/latest_live_04_vision_0006_qwen-vl-plus.json,observed_lifecycle_completed_source_limited_reply,partial
latest_live_04,latest_live_04-COM00002,latest_live_04-DGe8a46ae17e5e,期待今天的课程！,anticipation,none,0,8000,1,latest_live_04-QW0001,_local_runtime/最新直播全量解析_latest_live_full_analysis/full_20260723_155512/latest_live_04/api_raw/latest_live_04_vision_0001_qwen-vl-plus.json,observed_lifecycle_completed_source_limited_reply,partial
latest_live_04,latest_live_04-COM00003,latest_live_04-DG7e34502956e3,不错哦,支持,none,300000,308000,1,latest_live_04-QW0002,_local_runtime/最新直播全量解析_latest_live_full_analysis/full_20260723_155512/latest_live_04/api_raw/latest_live_04_vision_0002_qwen-vl-plus.json,observed_lifecycle_completed_source_limited_reply,partial
latest_live_04,latest_live_04-COM00004,latest_live_04-DG1a736f5321b4,加油,encouragement,none,300000,1508000,4,latest_live_04-QW0002;latest_live_04-QW0003;latest_live_04-QW0004;latest_live_04-QW0006,_local_runtime/最新直播全量解析_latest_live_full_analysis/full_20260723_155512/latest_live_04/api_raw/latest_live_04_vision_0002_qwen-vl-plus.json;_local_runtime/最新直播全量解析_latest_live_full_analysis/full_20260723_155512/latest_live_04/api_raw/latest_live_04_vision_0003_qwen-vl-plus.json;_local_runtime/最新直播全量解析_latest_live_full_analysis/full_20260723_155512/latest_live_04/api_raw/latest_live_04_vision_0004_qwen-vl-plus.json;_local_runtime/最新直播全量解析_latest_live_full_analysis/full_20260723_155512/latest_live_04/api_raw/latest_live_04_vision_0006_qwen-vl-plus.json,observed_lifecycle_completed_source_limited_reply,partial
latest_live_04,latest_live_04-COM00005,latest_live_04-DG440ee0853ad1,你好,greeting,none,600000,608000,1,latest_live_04-QW0003,_local_runtime/最新直播全量解析_latest_live_full_analysis/full_20260723_155512/latest_live_04/api_raw/latest_live_04_vision_0003_qwen-vl-plus.json,observed_lifecycle_completed_source_limited_reply,partial
latest_live_04,latest_live_04-COM00006,latest_live_04-DG9755bd0fb1c3,期待,anticipation,none,1200000,1208000,1,latest_live_04-QW0005,_local_runtime/最新直播全量解析_latest_live_full_analysis/full_20260723_155512/latest_live_04/api_raw/latest_live_04_vision_0005_qwen-vl-plus.json,observed_lifecycle_completed_source_limited_reply,partial
latest_live_05,latest_live_05-COM00001,latest_live_05-DG65e2c71d3392,老公你真好,affirmation,none,0,8000,1,latest_live_05-QW0001,_local_runtime/最新直播全量解析_latest_live_full_analysis/full_20260723_155512/latest_live_05/api_raw/latest_live_05_vision_0001_qwen-vl-plus.json,observed_lifecycle_completed_source_limited_reply,partial
latest_live_05,latest_live_05-COM00002,latest_live_05-DGed9ff6b70a36,姐姐你好美,compliment,none,0,8000,1,latest_live_05-QW0001,_local_runtime/最新直播全量解析_latest_live_full_analysis/full_20260723_155512/latest_live_05/api_raw/latest_live_05_vision_0001_qwen-vl-plus.json,observed_lifecycle_completed_source_limited_reply,partial
latest_live_05,latest_live_05-COM00003,latest_live_05-DGde3c0f459849,支持一下,support,none,0,8000,1,latest_live_05-QW0001,_local_runtime/最新直播全量解析_latest_live_full_analysis/full_20260723_155512/latest_live_05/api_raw/latest_live_05_vision_0001_qwen-vl-plus.json,observed_lifecycle_completed_source_limited_reply,partial
latest_live_05,latest_live_05-COM00004,latest_live_05-DG529217de8213,评论内容已脱敏,咨询/互动,none,300000,1808000,5,latest_live_05-QW0002;latest_live_05-QW0003;latest_live_05-QW0004;latest_live_05-QW0006;latest_live_05-QW0007,_local_runtime/最新直播全量解析_latest_live_full_analysis/full_20260723_155512/latest_live_05/api_raw/latest_live_05_vision_0002_qwen-vl-plus.json;_local_runtime/最新直播全量解析_latest_live_full_analysis/full_20260723_155512/latest_live_05/api_raw/latest_live_05_vision_0003_qwen-vl-plus.json;_local_runtime/最新直播全量解析_latest_live_full_analysis/full_20260723_155512/latest_live_05/api_raw/latest_live_05_vision_0004_qwen-vl-plus.json;_local_runtime/最新直播全量解析_latest_live_full_analysis/full_20260723_155512/latest_live_05/api_raw/latest_live_05_vision_0006_qwen-vl-plus.json;_local_runtime/最新直播全量解析_latest_live_full_analysis/full_20260723_155512/latest_live_05/api_raw/latest_live_05_vision_0007_qwen-vl-plus.json,observed_lifecycle_completed_source_limited_reply,partial
latest_live_05,latest_live_05-COM00005,latest_live_05-DG440ee0853ad1,你好,greeting,none,1200000,1208000,1,latest_live_05-QW0005,_local_runtime/最新直播全量解析_latest_live_full_analysis/full_20260723_155512/latest_live_05/api_raw/latest_live_05_vision_0005_qwen-vl-plus.json,observed_lifecycle_completed_source_limited_reply,partial
latest_live_05,latest_live_05-COM00006,latest_live_05-DG1a736f5321b4,加油,encouragement,none,1200000,1208000,1,latest_live_05-QW0005,_local_runtime/最新直播全量解析_latest_live_full_analysis/full_20260723_155512/latest_live_05/api_raw/latest_live_05_vision_0005_qwen-vl-plus.json,observed_lifecycle_completed_source_limited_reply,partial
latest_live_06,latest_live_06-COM00001,latest_live_06-DG7142050a8222,老师好,greeting,none,0,3308000,10,latest_live_06-QW0001;latest_live_06-QW0002;latest_live_06-QW0003;latest_live_06-QW0004;latest_live_06-QW0007;latest_live_06-QW0008;latest_live_06-QW0009;latest_live_06-QW0010;latest_live_06-QW0011;latest_live_06-QW0012,_local_runtime/最新直播全量解析_latest_live_full_analysis/full_20260723_155512/latest_live_06/api_raw/latest_live_06_vision_0001_qwen-vl-plus.json;_local_runtime/最新直播全量解析_latest_live_full_analysis/full_20260723_155512/latest_live_06/api_raw/latest_live_06_vision_0002_qwen-vl-plus.json;_local_runtime/最新直播全量解析_latest_live_full_analysis/full_20260723_155512/latest_live_06/api_raw/latest_live_06_vision_0003_qwen-vl-plus.json;_local_runtime/最新直播全量解析_latest_live_full_analysis/full_20260723_155512/latest_live_06/api_raw/latest_live_06_vision_0004_qwen3-vl-plus.json;_local_runtime/最新直播全量解析_latest_live_full_analysis/full_20260723_155512/latest_live_06/api_raw/latest_live_06_vision_0007_qwen-vl-plus.json;_local_runtime/最新直播全量解析_latest_live_full_analysis/full_20260723_155512/latest_live_06/api_raw/latest_live_06_vision_0008_qwen-vl-plus.json;_local_runtime/最新直播全量解析_latest_live_full_analysis/full_20260723_155512/latest_live_06/api_raw/latest_live_06_vision_0009_qwen-vl-plus.json;_local_runtime/最新直播全量解析_latest_live_full_analysis/full_20260723_155512/latest_live_06/api_raw/latest_live_06_vision_0010_qwen-vl-plus.json;_local_runtime/最新直播全量解析_latest_live_full_analysis/full_20260723_155512/latest_live_06/api_raw/latest_live_06_vision_0011_qwen-vl-plus.json;_local_runtime/最新直播全量解析_latest_live_full_analysis/full_20260723_155512/latest_live_06/api_raw/latest_live_06_vision_0012_qwen-vl-plus.json,observed_lifecycle_completed_source_limited_reply,partial
latest_live_06,latest_live_06-COM00002,latest_live_06-DG1a736f5321b4,加油,encouragement,none,0,3308000,10,latest_live_06-QW0001;latest_live_06-QW0002;latest_live_06-QW0003;latest_live_06-QW0005;latest_live_06-QW0007;latest_live_06-QW0008;latest_live_06-QW0009;latest_live_06-QW0010;latest_live_06-QW0011;latest_live_06-QW0012,_local_runtime/最新直播全量解析_latest_live_full_analysis/full_20260723_155512/latest_live_06/api_raw/latest_live_06_vision_0001_qwen-vl-plus.json;_local_runtime/最新直播全量解析_latest_live_full_analysis/full_20260723_155512/latest_live_06/api_raw/latest_live_06_vision_0002_qwen-vl-plus.json;_local_runtime/最新直播全量解析_latest_live_full_analysis/full_20260723_155512/latest_live_06/api_raw/latest_live_06_vision_0003_qwen-vl-plus.json;_local_runtime/最新直播全量解析_latest_live_full_analysis/full_20260723_155512/latest_live_06/api_raw/latest_live_06_vision_0005_qwen-vl-max.json;_local_runtime/最新直播全量解析_latest_live_full_analysis/full_20260723_155512/latest_live_06/api_raw/latest_live_06_vision_0007_qwen-vl-plus.json;_local_runtime/最新直播全量解析_latest_live_full_analysis/full_20260723_155512/latest_live_06/api_raw/latest_live_06_vision_0008_qwen-vl-plus.json;_local_runtime/最新直播全量解析_latest_live_full_analysis/full_20260723_155512/latest_live_06/api_raw/latest_live_06_vision_0009_qwen-vl-plus.json;_local_runtime/最新直播全量解析_latest_live_full_analysis/full_20260723_155512/latest_live_06/api_raw/latest_live_06_vision_0010_qwen-vl-plus.json;_local_runtime/最新直播全量解析_latest_live_full_analysis/full_20260723_155512/latest_live_06/api_raw/latest_live_06_vision_0011_qwen-vl-plus.json;_local_runtime/最新直播全量解析_latest_live_full_analysis/full_20260723_155512/latest_live_06/api_raw/latest_live_06_vision_0012_qwen-vl-plus.json,observed_lifecycle_completed_source_limited_reply,partial
latest_live_06,latest_live_06-COM00003,latest_live_06-DGf1f896b6ff3e,已关注,subscription confirmation,none,900000,908000,1,latest_live_06-QW0004,_local_runtime/最新直播全量解析_latest_live_full_analysis/full_20260723_155512/latest_live_06/api_raw/latest_live_06_vision_0004_qwen3-vl-plus.json,observed_lifecycle_completed_source_limited_reply,partial
latest_live_06,latest_live_06-COM00004,latest_live_06-DG2cccc62b33cf,期待课程,anticipation expression,none,900000,908000,1,latest_live_06-QW0004,_local_runtime/最新直播全量解析_latest_live_full_analysis/full_20260723_155512/latest_live_06/api_raw/latest_live_06_vision_0004_qwen3-vl-plus.json,observed_lifecycle_completed_source_limited_reply,partial
latest_live_06,latest_live_06-COM00005,latest_live_06-DG007060bb055d,5天能瘦吗,question about efficacy,none,900000,908000,1,latest_live_06-QW0004,_local_runtime/最新直播全量解析_latest_live_full_analysis/full_20260723_155512/latest_live_06/api_raw/latest_live_06_vision_0004_qwen3-vl-plus.json,observed_lifecycle_completed_source_limited_reply,partial
latest_live_06,latest_live_06-COM00006,latest_live_06-DG74dd9bb4cc3f,坚持就是胜利,motivation,none,1200000,1208000,1,latest_live_06-QW0005,_local_runtime/最新直播全量解析_latest_live_full_analysis/full_20260723_155512/latest_live_06/api_raw/latest_live_06_vision_0005_qwen-vl-max.json,observed_lifecycle_completed_source_limited_reply,partial
latest_live_06,latest_live_06-COM00007,latest_live_06-DGe24ee3a9b98c,老师辛苦了,appreciation,none,1200000,1208000,1,latest_live_06-QW0005,_local_runtime/最新直播全量解析_latest_live_full_analysis/full_20260723_155512/latest_live_06/api_raw/latest_live_06_vision_0005_qwen-vl-max.json,observed_lifecycle_completed_source_limited_reply,partial
latest_live_06,latest_live_06-COM00008,latest_live_06-DG3e2739f3474f,动作好标准,positive_feedback,none,1200000,1208000,1,latest_live_06-QW0005,_local_runtime/最新直播全量解析_latest_live_full_analysis/full_20260723_155512/latest_live_06/api_raw/latest_live_06_vision_0005_qwen-vl-max.json,observed_lifecycle_completed_source_limited_reply,partial
latest_live_06,latest_live_06-COM00009,latest_live_06-DG45b84f5a2f97,老师讲得很好！,positive_feedback,none,1500000,1508000,1,latest_live_06-QW0006,_local_runtime/最新直播全量解析_latest_live_full_analysis/full_20260723_155512/latest_live_06/api_raw/latest_live_06_vision_0006_qwen-vl-plus.json,observed_lifecycle_completed_source_limited_reply,partial
latest_live_06,latest_live_06-COM00010,latest_live_06-DG13a0706f45ed,学到了很多！,learning_experience,none,1500000,1508000,1,latest_live_06-QW0006,_local_runtime/最新直播全量解析_latest_live_full_analysis/full_20260723_155512/latest_live_06/api_raw/latest_live_06_vision_0006_qwen-vl-plus.json,observed_lifecycle_completed_source_limited_reply,partial
latest_live_07,latest_live_07-COM00001,latest_live_07-DGde3c0f459849,支持一下！,support,none,0,8000,1,latest_live_07-QW0001,_local_runtime/最新直播全量解析_latest_live_full_analysis/full_20260723_155512/latest_live_07/api_raw/latest_live_07_vision_0001_qwen-vl-plus.json,observed_lifecycle_completed_source_limited_reply,partial
latest_live_07,latest_live_07-COM00002,latest_live_07-DG1a736f5321b4,加油！,encouragement,none,0,8000,1,latest_live_07-QW0001,_local_runtime/最新直播全量解析_latest_live_full_analysis/full_20260723_155512/latest_live_07/api_raw/latest_live_07_vision_0001_qwen-vl-plus.json,observed_lifecycle_completed_source_limited_reply,partial
latest_live_07,latest_live_07-COM00003,latest_live_07-DG45b84f5a2f97,老师讲得很好,positive_feedback,none,300000,5108000,7,latest_live_07-QW0002;latest_live_07-QW0003;latest_live_07-QW0004;latest_live_07-QW0005;latest_live_07-QW0008;latest_live_07-QW0016;latest_live_07-QW0018,_local_runtime/最新直播全量解析_latest_live_full_analysis/full_20260723_155512/latest_live_07/api_raw/latest_live_07_vision_0002_qwen-vl-plus.json;_local_runtime/最新直播全量解析_latest_live_full_analysis/full_20260723_155512/latest_live_07/api_raw/latest_live_07_vision_0003_qwen-vl-plus.json;_local_runtime/最新直播全量解析_latest_live_full_analysis/full_20260723_155512/latest_live_07/api_raw/latest_live_07_vision_0004_qwen-vl-plus.json;_local_runtime/最新直播全量解析_latest_live_full_analysis/full_20260723_155512/latest_live_07/api_raw/latest_live_07_vision_0005_qwen-vl-plus.json;_local_runtime/最新直播全量解析_latest_live_full_analysis/full_20260723_155512/latest_live_07/api_raw/latest_live_07_vision_0008_qwen-vl-plus.json;_local_runtime/最新直播全量解析_latest_live_full_analysis/full_20260723_155512/latest_live_07/api_raw/latest_live_07_vision_0016_qwen-vl-plus.json;_local_runtime/最新直播全量解析_latest_live_full_analysis/full_20260723_155512/latest_live_07/api_raw/latest_live_07_vision_0018_qwen-vl-plus.json,observed_lifecycle_completed_source_limited_reply,partial
latest_live_07,latest_live_07-COM00004,latest_live_07-DG0637a22295e3,学到了,learning,none,300000,1808000,2,latest_live_07-QW0002;latest_live_07-QW0007,_local_runtime/最新直播全量解析_latest_live_full_analysis/full_20260723_155512/latest_live_07/api_raw/latest_live_07_vision_0002_qwen-vl-plus.json;_local_runtime/最新直播全量解析_latest_live_full_analysis/full_20260723_155512/latest_live_07/api_raw/latest_live_07_vision_0007_qwen-vl-plus.json,observed_lifecycle_completed_source_limited_reply,partial
latest_live_07,latest_live_07-COM00005,latest_live_07-DG664e891ff457,期待更多内容！,anticipation,none,600000,908000,2,latest_live_07-QW0003;latest_live_07-QW0004,_local_runtime/最新直播全量解析_latest_live_full_analysis/full_20260723_155512/latest_live_07/api_raw/latest_live_07_vision_0003_qwen-vl-plus.json;_local_runtime/最新直播全量解析_latest_live_full_analysis/full_20260723_155512/latest_live_07/api_raw/latest_live_07_vision_0004_qwen-vl-plus.json,observed_lifecycle_completed_source_limited_reply,partial
latest_live_07,latest_live_07-COM00006,latest_live_07-DGde02886ab0a9,期待更多干货！,期待,none,1200000,4508000,2,latest_live_07-QW0005;latest_live_07-QW0016,_local_runtime/最新直播全量解析_latest_live_full_analysis/full_20260723_155512/latest_live_07/api_raw/latest_live_07_vision_0005_qwen-vl-plus.json;_local_runtime/最新直播全量解析_latest_live_full_analysis/full_20260723_155512/latest_live_07/api_raw/latest_live_07_vision_0016_qwen-vl-plus.json,observed_lifecycle_completed_source_limited_reply,partial
latest_live_07,latest_live_07-COM00007,latest_live_07-DG2e2b69a42445,老师讲得很好，谢谢！,appreciation,none,1500000,2708000,2,latest_live_07-QW0006;latest_live_07-QW0010,_local_runtime/最新直播全量解析_latest_live_full_analysis/full_20260723_155512/latest_live_07/api_raw/latest_live_07_vision_0006_qwen-vl-plus.json;_local_runtime/最新直播全量解析_latest_live_full_analysis/full_20260723_155512/latest_live_07/api_raw/latest_live_07_vision_0010_qwen-vl-plus.json,observed_lifecycle_completed_source_limited_reply,partial
latest_live_07,latest_live_07-COM00008,latest_live_07-DG1ec08baaa584,学到新知识了，继续加油！,encouragement,none,1500000,1508000,1,latest_live_07-QW0006,_local_runtime/最新直播全量解析_latest_live_full_analysis/full_20260723_155512/latest_live_07/api_raw/latest_live_07_vision_0006_qwen-vl-plus.json,observed_lifecycle_completed_source_limited_reply,partial
latest_live_07,latest_live_07-COM00009,latest_live_07-DG314aec69a416,老师讲的太好了,appreciation,none,1800000,3308000,2,latest_live_07-QW0007;latest_live_07-QW0012,_local_runtime/最新直播全量解析_latest_live_full_analysis/full_20260723_155512/latest_live_07/api_raw/latest_live_07_vision_0007_qwen-vl-plus.json;_local_runtime/最新直播全量解析_latest_live_full_analysis/full_20260723_155512/latest_live_07/api_raw/latest_live_07_vision_0012_qwen-vl-plus.json,observed_lifecycle_completed_source_limited_reply,partial
latest_live_07,latest_live_07-COM00010,latest_live_07-DG873a5369d269,谢谢老师,gratitude,none,1800000,1808000,1,latest_live_07-QW0007,_local_runtime/最新直播全量解析_latest_live_full_analysis/full_20260723_155512/latest_live_07/api_raw/latest_live_07_vision_0007_qwen-vl-plus.json,observed_lifecycle_completed_source_limited_reply,partial
latest_live_07,latest_live_07-COM00011,latest_live_07-DGf9d143505438,请问什么时候开始？,inquiry,none,2100000,2108000,1,latest_live_07-QW0008,_local_runtime/最新直播全量解析_latest_live_full_analysis/full_20260723_155512/latest_live_07/api_raw/latest_live_07_vision_0008_qwen-vl-plus.json,observed_lifecycle_completed_source_limited_reply,partial
latest_live_07,latest_live_07-COM00012,latest_live_07-DG1c1d08b765b4,私教跟练课 安战训练营,course_promotion,none,2400000,2408000,1,latest_live_07-QW0009,_local_runtime/最新直播全量解析_latest_live_full_analysis/full_20260723_155512/latest_live_07/api_raw/latest_live_07_vision_0009_qwen-vl-max.json,observed_lifecycle_completed_source_limited_reply,partial
latest_live_07,latest_live_07-COM00013,latest_live_07-DGaf5e85b842a4,五天免费跟练 一对一指导,course_promotion,none,2400000,3008000,2,latest_live_07-QW0009;latest_live_07-QW0011,_local_runtime/最新直播全量解析_latest_live_full_analysis/full_20260723_155512/latest_live_07/api_raw/latest_live_07_vision_0009_qwen-vl-max.json;_local_runtime/最新直播全量解析_latest_live_full_analysis/full_20260723_155512/latest_live_07/api_raw/latest_live_07_vision_0011_qwen-vl-plus.json,observed_lifecycle_completed_source_limited_reply,partial
latest_live_07,latest_live_07-COM00014,latest_live_07-DGb39a75f2fd23,八九点加减25cm的腰围,product_feature,none,2400000,2408000,1,latest_live_07-QW0009,_local_runtime/最新直播全量解析_latest_live_full_analysis/full_20260723_155512/latest_live_07/api_raw/latest_live_07_vision_0009_qwen-vl-max.json,observed_lifecycle_completed_source_limited_reply,partial
latest_live_07,latest_live_07-COM00015,latest_live_07-DG3a6fadf1e519,期待更多干货分享。,anticipation,none,2700000,2708000,1,latest_live_07-QW0010,_local_runtime/最新直播全量解析_latest_live_full_analysis/full_20260723_155512/latest_live_07/api_raw/latest_live_07_vision_0010_qwen-vl-plus.json,observed_lifecycle_completed_source_limited_reply,partial
latest_live_07,latest_live_07-COM00016,latest_live_07-DG431768fac45a,基础盆底肌,咨询/提问,none,3000000,3008000,1,latest_live_07-QW0011,_local_runtime/最新直播全量解析_latest_live_full_analysis/full_20260723_155512/latest_live_07/api_raw/latest_live_07_vision_0011_qwen-vl-plus.json,observed_lifecycle_completed_source_limited_reply,partial
latest_live_07,latest_live_07-COM00017,latest_live_07-DG85232d061532,私教跟练课实战训练营,咨询/提问,none,3000000,3008000,1,latest_live_07-QW0011,_local_runtime/最新直播全量解析_latest_live_full_analysis/full_20260723_155512/latest_live_07/api_raw/latest_live_07_vision_0011_qwen-vl-plus.json,observed_lifecycle_completed_source_limited_reply,partial
latest_live_07,latest_live_07-COM00018,latest_live_07-DG13a0706f45ed,学到了很多！,learning,none,3300000,3308000,1,latest_live_07-QW0012,_local_runtime/最新直播全量解析_latest_live_full_analysis/full_20260723_155512/latest_live_07/api_raw/latest_live_07_vision_0012_qwen-vl-plus.json,observed_lifecycle_completed_source_limited_reply,partial
latest_live_07,latest_live_07-COM00019,latest_live_07-DGdda469b7b148,八斤重的宝宝25cm长好可爱,表达喜爱,none,3600000,3608000,1,latest_live_07-QW0013,_local_runtime/最新直播全量解析_latest_live_full_analysis/full_20260723_155512/latest_live_07/api_raw/latest_live_07_vision_0013_qwen-vl-plus.json,observed_lifecycle_completed_source_limited_reply,partial
latest_live_07,latest_live_07-COM00020,latest_live_07-DG8cfa4201a220,宝宝好萌啊,表达喜爱,none,3600000,3608000,1,latest_live_07-QW0013,_local_runtime/最新直播全量解析_latest_live_full_analysis/full_20260723_155512/latest_live_07/api_raw/latest_live_07_vision_0013_qwen-vl-plus.json,observed_lifecycle_completed_source_limited_reply,partial
latest_live_07,latest_live_07-COM00021,latest_live_07-DG529217de8213,评论内容已脱敏,互动/支持,none,3900000,5408000,2,latest_live_07-QW0014;latest_live_07-QW0019,_local_runtime/最新直播全量解析_latest_live_full_analysis/full_20260723_155512/latest_live_07/api_raw/latest_live_07_vision_0014_qwen-vl-plus.json;_local_runtime/最新直播全量解析_latest_live_full_analysis/full_20260723_155512/latest_live_07/api_raw/latest_live_07_vision_0019_qwen-vl-plus.json,observed_lifecycle_completed_source_limited_reply,partial
latest_live_07,latest_live_07-COM00022,latest_live_07-DG3e0d900aeddd,老师讲得很好，受益匪浅。,学习/认可,none,4200000,4208000,1,latest_live_07-QW0015,_local_runtime/最新直播全量解析_latest_live_full_analysis/full_20260723_155512/latest_live_07/api_raw/latest_live_07_vision_0015_qwen-vl-plus.json,observed_lifecycle_completed_source_limited_reply,partial
latest_live_07,latest_live_07-COM00023,latest_live_07-DGb9a359c7b7a0,谢谢老师，期待更多内容。,感谢/期待,none,4200000,4208000,1,latest_live_07-QW0015,_local_runtime/最新直播全量解析_latest_live_full_analysis/full_20260723_155512/latest_live_07/api_raw/latest_live_07_vision_0015_qwen-vl-plus.json,observed_lifecycle_completed_source_limited_reply,partial
latest_live_07,latest_live_07-COM00024,latest_live_07-DG2b66d6522d37,支持老师！,support,none,4800000,4808000,1,latest_live_07-QW0017,_local_runtime/最新直播全量解析_latest_live_full_analysis/full_20260723_155512/latest_live_07/api_raw/latest_live_07_vision_0017_qwen-vl-plus.json,observed_lifecycle_completed_source_limited_reply,partial
latest_live_07,latest_live_07-COM00025,latest_live_07-DG02b195d00bd5,什么时候开始？,inquiry,none,4800000,4808000,1,latest_live_07-QW0017,_local_runtime/最新直播全量解析_latest_live_full_analysis/full_20260723_155512/latest_live_07/api_raw/latest_live_07_vision_0017_qwen-vl-plus.json,observed_lifecycle_completed_source_limited_reply,partial
latest_live_07,latest_live_07-COM00026,latest_live_07-DG72d4746f0987,期待更多课程！,engagement,none,5100000,5108000,1,latest_live_07-QW0018,_local_runtime/最新直播全量解析_latest_live_full_analysis/full_20260723_155512/latest_live_07/api_raw/latest_live_07_vision_0018_qwen-vl-plus.json,observed_lifecycle_completed_source_limited_reply,partial
latest_live_08,latest_live_08-COM00001,latest_live_08-DGb1bf1dd2e388,评论已隐藏，仅展示部分文字,咨询/提问,none,0,8000,1,latest_live_08-QW0001,_local_runtime/最新直播全量解析_latest_live_full_analysis/full_20260723_155512/latest_live_08/api_raw/latest_live_08_vision_0001_qwen-vl-plus.json,observed_lifecycle_completed_source_limited_reply,partial
latest_live_08,latest_live_08-COM00002,latest_live_08-DG314aec69a416,老师讲的太好了！,appreciation,none,300000,308000,1,latest_live_08-QW0002,_local_runtime/最新直播全量解析_latest_live_full_analysis/full_20260723_155512/latest_live_08/api_raw/latest_live_08_vision_0002_qwen-vl-plus.json,observed_lifecycle_completed_source_limited_reply,partial
latest_live_08,latest_live_08-COM00003,latest_live_08-DG6238d55acf0e,请问什么时候开课？,inquiry,none,300000,308000,1,latest_live_08-QW0002,_local_runtime/最新直播全量解析_latest_live_full_analysis/full_20260723_155512/latest_live_08/api_raw/latest_live_08_vision_0002_qwen-vl-plus.json,observed_lifecycle_completed_source_limited_reply,partial
latest_live_08,latest_live_08-COM00004,latest_live_08-DG0c67fc0d332e,我已经报名了！,confirmation,none,300000,308000,1,latest_live_08-QW0002,_local_runtime/最新直播全量解析_latest_live_full_analysis/full_20260723_155512/latest_live_08/api_raw/latest_live_08_vision_0002_qwen-vl-plus.json,observed_lifecycle_completed_source_limited_reply,partial
latest_live_08,latest_live_08-COM00005,latest_live_08-DG45b84f5a2f97,老师讲得很好,appreciation,none,600000,1208000,2,latest_live_08-QW0003;latest_live_08-QW0005,_local_runtime/最新直播全量解析_latest_live_full_analysis/full_20260723_155512/latest_live_08/api_raw/latest_live_08_vision_0003_qwen-vl-plus.json;_local_runtime/最新直播全量解析_latest_live_full_analysis/full_20260723_155512/latest_live_08/api_raw/latest_live_08_vision_0005_qwen-vl-plus.json,observed_lifecycle_completed_source_limited_reply,partial
latest_live_08,latest_live_08-COM00006,latest_live_08-DGc5455fb2d4ab,期待下一节课,anticipation,none,600000,608000,1,latest_live_08-QW0003,_local_runtime/最新直播全量解析_latest_live_full_analysis/full_20260723_155512/latest_live_08/api_raw/latest_live_08_vision_0003_qwen-vl-plus.json,observed_lifecycle_completed_source_limited_reply,partial
latest_live_08,latest_live_08-COM00007,latest_live_08-DG8e84582b6886,老师讲得好棒！,positive_feedback,none,900000,908000,1,latest_live_08-QW0004,_local_runtime/最新直播全量解析_latest_live_full_analysis/full_20260723_155512/latest_live_08/api_raw/latest_live_08_vision_0004_qwen-vl-plus.json,observed_lifecycle_completed_source_limited_reply,partial
latest_live_08,latest_live_08-COM00008,latest_live_08-DG37c1c46cac35,期待下一课！,anticipation,none,900000,908000,1,latest_live_08-QW0004,_local_runtime/最新直播全量解析_latest_live_full_analysis/full_20260723_155512/latest_live_08/api_raw/latest_live_08_vision_0004_qwen-vl-plus.json,observed_lifecycle_completed_source_limited_reply,partial
latest_live_08,latest_live_08-COM00009,latest_live_08-DGa3f642e922d0,学习了，谢谢老师。,gratitude,none,1200000,1208000,1,latest_live_08-QW0005,_local_runtime/最新直播全量解析_latest_live_full_analysis/full_20260723_155512/latest_live_08/api_raw/latest_live_08_vision_0005_qwen-vl-plus.json,observed_lifecycle_completed_source_limited_reply,partial
latest_live_08,latest_live_08-COM00010,latest_live_08-DG6c5cc92ab3ee,期待下节课！,anticipation,none,1200000,1208000,1,latest_live_08-QW0005,_local_runtime/最新直播全量解析_latest_live_full_analysis/full_20260723_155512/latest_live_08/api_raw/latest_live_08_vision_0005_qwen-vl-plus.json,observed_lifecycle_completed_source_limited_reply,partial
latest_live_08,latest_live_08-COM00011,latest_live_08-DGaad6cf7c17b6,老师这个动作怎么做？,寻求动作指导,none,1800000,1808000,1,latest_live_08-QW0007,_local_runtime/最新直播全量解析_latest_live_full_analysis/full_20260723_155512/latest_live_08/api_raw/latest_live_08_vision_0007_qwen3-vl-plus.json,observed_lifecycle_completed_source_limited_reply,partial
latest_live_08,latest_live_08-COM00012,latest_live_08-DG1385b19a9fc7,腰疼能不能练这个？,健康限制咨询,none,1800000,1808000,1,latest_live_08-QW0007,_local_runtime/最新直播全量解析_latest_live_full_analysis/full_20260723_155512/latest_live_08/api_raw/latest_live_08_vision_0007_qwen3-vl-plus.json,observed_lifecycle_completed_source_limited_reply,partial
latest_live_08,latest_live_08-COM00013,latest_live_08-DGa678c4bacef5,跟练了三天，感觉有变化！,正向反馈,none,1800000,1808000,1,latest_live_08-QW0007,_local_runtime/最新直播全量解析_latest_live_full_analysis/full_20260723_155512/latest_live_08/api_raw/latest_live_08_vision_0007_qwen3-vl-plus.json,observed_lifecycle_completed_source_limited_reply,partial
latest_live_08,latest_live_08-COM00014,latest_live_08-DG476032ddbf0d,请问每天练多久合适？,训练频率咨询,none,1800000,1808000,1,latest_live_08-QW0007,_local_runtime/最新直播全量解析_latest_live_full_analysis/full_20260723_155512/latest_live_08/api_raw/latest_live_08_vision_0007_qwen3-vl-plus.json,observed_lifecycle_completed_source_limited_reply,partial
latest_live_08,latest_live_08-COM00015,latest_live_08-DGde3c0f459849,支持一下,support,none,2100000,2408000,2,latest_live_08-QW0008;latest_live_08-QW0009,_local_runtime/最新直播全量解析_latest_live_full_analysis/full_20260723_155512/latest_live_08/api_raw/latest_live_08_vision_0008_qwen-vl-plus.json;_local_runtime/最新直播全量解析_latest_live_full_analysis/full_20260723_155512/latest_live_08/api_raw/latest_live_08_vision_0009_qwen-vl-plus.json,observed_lifecycle_completed_source_limited_reply,partial
latest_live_08,latest_live_08-COM00016,latest_live_08-DG1a736f5321b4,加油,encouragement,none,2100000,3908000,3,latest_live_08-QW0008;latest_live_08-QW0009;latest_live_08-QW0014,_local_runtime/最新直播全量解析_latest_live_full_analysis/full_20260723_155512/latest_live_08/api_raw/latest_live_08_vision_0008_qwen-vl-plus.json;_local_runtime/最新直播全量解析_latest_live_full_analysis/full_20260723_155512/latest_live_08/api_raw/latest_live_08_vision_0009_qwen-vl-plus.json;_local_runtime/最新直播全量解析_latest_live_full_analysis/full_20260723_155512/latest_live_08/api_raw/latest_live_08_vision_0014_qwen-vl-plus.json,observed_lifecycle_completed_source_limited_reply,partial
latest_live_08,latest_live_08-COM00017,latest_live_08-DGc3b16eb2cdae,太棒了,praise,none,2400000,2408000,1,latest_live_08-QW0009,_local_runtime/最新直播全量解析_latest_live_full_analysis/full_20260723_155512/latest_live_08/api_raw/latest_live_08_vision_0009_qwen-vl-plus.json,observed_lifecycle_completed_source_limited_reply,partial
latest_live_08,latest_live_08-COM00018,latest_live_08-DG9e2b9b256404,只关注了你,greeting,none,2700000,2708000,1,latest_live_08-QW0010,_local_runtime/最新直播全量解析_latest_live_full_analysis/full_20260723_155512/latest_live_08/api_raw/latest_live_08_vision_0010_qwen-vl-plus.json,observed_lifecycle_completed_source_limited_reply,partial
latest_live_08,latest_live_08-COM00019,latest_live_08-DG061611485468,你好呀,greeting,none,2700000,2708000,1,latest_live_08-QW0010,_local_runtime/最新直播全量解析_latest_live_full_analysis/full_20260723_155512/latest_live_08/api_raw/latest_live_08_vision_0010_qwen-vl-plus.json,observed_lifecycle_completed_source_limited_reply,partial
latest_live_08,latest_live_08-COM00020,latest_live_08-DGcb3cf8f59030,支持不支持,support,none,3000000,3008000,1,latest_live_08-QW0011,_local_runtime/最新直播全量解析_latest_live_full_analysis/full_20260723_155512/latest_live_08/api_raw/latest_live_08_vision_0011_qwen-vl-plus.json,observed_lifecycle_completed_source_limited_reply,partial
latest_live_08,latest_live_08-COM00021,latest_live_08-DG0562303d556f,宝子不给力,neutral,none,3000000,3008000,1,latest_live_08-QW0011,_local_runtime/最新直播全量解析_latest_live_full_analysis/full_20260723_155512/latest_live_08/api_raw/latest_live_08_vision_0011_qwen-vl-plus.json,observed_lifecycle_completed_source_limited_reply,partial
latest_live_08,latest_live_08-COM00022,latest_live_08-DG57d906e350e8,不喜欢,negative,none,3000000,3008000,1,latest_live_08-QW0011,_local_runtime/最新直播全量解析_latest_live_full_analysis/full_20260723_155512/latest_live_08/api_raw/latest_live_08_vision_0011_qwen-vl-plus.json,observed_lifecycle_completed_source_limited_reply,partial
latest_live_08,latest_live_08-COM00023,latest_live_08-DGa3db1e075cd1,在看,engagement,none,3000000,3008000,1,latest_live_08-QW0011,_local_runtime/最新直播全量解析_latest_live_full_analysis/full_20260723_155512/latest_live_08/api_raw/latest_live_08_vision_0011_qwen-vl-plus.json,observed_lifecycle_completed_source_limited_reply,partial
latest_live_08,latest_live_08-COM00024,latest_live_08-DG56e00434bab5,不错！,positive,none,3000000,3008000,1,latest_live_08-QW0011,_local_runtime/最新直播全量解析_latest_live_full_analysis/full_20260723_155512/latest_live_08/api_raw/latest_live_08_vision_0011_qwen-vl-plus.json,observed_lifecycle_completed_source_limited_reply,partial
latest_live_08,latest_live_08-COM00025,latest_live_08-DG58515b1f0e4e,主播好漂亮,positive_feedback,none,3300000,3308000,1,latest_live_08-QW0012,_local_runtime/最新直播全量解析_latest_live_full_analysis/full_20260723_155512/latest_live_08/api_raw/latest_live_08_vision_0012_qwen-vl-plus.json,observed_lifecycle_completed_source_limited_reply,partial
latest_live_08,latest_live_08-COM00026,latest_live_08-DGa74e543fea48,求链接,request_info,none,3300000,3308000,1,latest_live_08-QW0012,_local_runtime/最新直播全量解析_latest_live_full_analysis/full_20260723_155512/latest_live_08/api_raw/latest_live_08_vision_0012_qwen-vl-plus.json,observed_lifecycle_completed_source_limited_reply,partial
latest_live_08,latest_live_08-COM00027,latest_live_08-DGfbf304558560,什么鬼啊 不是吧,质疑,none,3600000,3608000,1,latest_live_08-QW0013,_local_runtime/最新直播全量解析_latest_live_full_analysis/full_20260723_155512/latest_live_08/api_raw/latest_live_08_vision_0013_qwen-vl-plus.json,observed_lifecycle_completed_source_limited_reply,partial
latest_live_08,latest_live_08-COM00028,latest_live_08-DG3d271de707e0,哈哈哈,娱乐,none,3600000,3608000,1,latest_live_08-QW0013,_local_runtime/最新直播全量解析_latest_live_full_analysis/full_20260723_155512/latest_live_08/api_raw/latest_live_08_vision_0013_qwen-vl-plus.json,observed_lifecycle_completed_source_limited_reply,partial
latest_live_08,latest_live_08-COM00029,latest_live_08-DG43956e2188a7,支持主播,support,none,3900000,3908000,1,latest_live_08-QW0014,_local_runtime/最新直播全量解析_latest_live_full_analysis/full_20260723_155512/latest_live_08/api_raw/latest_live_08_vision_0014_qwen-vl-plus.json,observed_lifecycle_completed_source_limited_reply,partial
latest_live_08,latest_live_08-COM00030,latest_live_08-DG9755bd0fb1c3,期待,anticipation,none,3900000,3908000,1,latest_live_08-QW0014,_local_runtime/最新直播全量解析_latest_live_full_analysis/full_20260723_155512/latest_live_08/api_raw/latest_live_08_vision_0014_qwen-vl-plus.json,observed_lifecycle_completed_source_limited_reply,partial
latest_live_09,latest_live_09-COM00001,latest_live_09-DGde3c0f459849,支持一下,support,none,0,8000,1,latest_live_09-QW0001,_local_runtime/最新直播全量解析_latest_live_full_analysis/full_20260723_155512/latest_live_09/api_raw/latest_live_09_vision_0001_qwen-vl-plus.json,observed_lifecycle_completed_source_limited_reply,partial
latest_live_09,latest_live_09-COM00002,latest_live_09-DG1a736f5321b4,加油,encouragement,none,0,8000,1,latest_live_09-QW0001,_local_runtime/最新直播全量解析_latest_live_full_analysis/full_20260723_155512/latest_live_09/api_raw/latest_live_09_vision_0001_qwen-vl-plus.json,observed_lifecycle_completed_source_limited_reply,partial
latest_live_09,latest_live_09-COM00003,latest_live_09-DG529217de8213,评论内容已脱敏,咨询/互动,none,300000,308000,1,latest_live_09-QW0002,_local_runtime/最新直播全量解析_latest_live_full_analysis/full_20260723_155512/latest_live_09/api_raw/latest_live_09_vision_0002_qwen-vl-plus.json,observed_lifecycle_completed_source_limited_reply,partial
latest_live_09,latest_live_09-COM00004,latest_live_09-DG34ae84401db8,爱死了,positive_feedback,none,600000,608000,1,latest_live_09-QW0003,_local_runtime/最新直播全量解析_latest_live_full_analysis/full_20260723_155512/latest_live_09/api_raw/latest_live_09_vision_0003_qwen-vl-plus.json,observed_lifecycle_completed_source_limited_reply,partial
latest_live_09,latest_live_09-COM00005,latest_live_09-DGc3b16eb2cdae,太棒了,positive_feedback,none,600000,608000,1,latest_live_09-QW0003,_local_runtime/最新直播全量解析_latest_live_full_analysis/full_20260723_155512/latest_live_09/api_raw/latest_live_09_vision_0003_qwen-vl-plus.json,observed_lifecycle_completed_source_limited_reply,partial
latest_live_09,latest_live_09-COM00006,latest_live_09-DG27e4fe4c3fe2,好,positive_feedback,none,900000,908000,1,latest_live_09-QW0004,_local_runtime/最新直播全量解析_latest_live_full_analysis/full_20260723_155512/latest_live_09/api_raw/latest_live_09_vision_0004_qwen-vl-max.json,observed_lifecycle_completed_source_limited_reply,partial
latest_live_09,latest_live_09-COM00007,latest_live_09-DG873a5369d269,谢谢老师,appreciation,none,900000,1208000,2,latest_live_09-QW0004;latest_live_09-QW0005,_local_runtime/最新直播全量解析_latest_live_full_analysis/full_20260723_155512/latest_live_09/api_raw/latest_live_09_vision_0004_qwen-vl-max.json;_local_runtime/最新直播全量解析_latest_live_full_analysis/full_20260723_155512/latest_live_09/api_raw/latest_live_09_vision_0005_qwen-vl-plus.json,observed_lifecycle_completed_source_limited_reply,partial
latest_live_09,latest_live_09-COM00008,latest_live_09-DGe984377762ff,坚持练习,encouragement,none,900000,908000,1,latest_live_09-QW0004,_local_runtime/最新直播全量解析_latest_live_full_analysis/full_20260723_155512/latest_live_09/api_raw/latest_live_09_vision_0004_qwen-vl-max.json,observed_lifecycle_completed_source_limited_reply,partial
latest_live_09,latest_live_09-COM00009,latest_live_09-DG69d8d76de7af,老师讲得真好！,positive feedback,none,1200000,2108000,3,latest_live_09-QW0005;latest_live_09-QW0007;latest_live_09-QW0008,_local_runtime/最新直播全量解析_latest_live_full_analysis/full_20260723_155512/latest_live_09/api_raw/latest_live_09_vision_0005_qwen-vl-plus.json;_local_runtime/最新直播全量解析_latest_live_full_analysis/full_20260723_155512/latest_live_09/api_raw/latest_live_09_vision_0007_qwen3-vl-plus.json;_local_runtime/最新直播全量解析_latest_live_full_analysis/full_20260723_155512/latest_live_09/api_raw/latest_live_09_vision_0008_qwen3-vl-plus.json,observed_lifecycle_completed_source_limited_reply,partial
latest_live_09,latest_live_09-COM00010,latest_live_09-DG13a0706f45ed,学到了很多！,learning,none,1200000,1208000,1,latest_live_09-QW0005,_local_runtime/最新直播全量解析_latest_live_full_analysis/full_20260723_155512/latest_live_09/api_raw/latest_live_09_vision_0005_qwen-vl-plus.json,observed_lifecycle_completed_source_limited_reply,partial
latest_live_09,latest_live_09-COM00011,latest_live_09-DG43956e2188a7,支持主播！,support,none,1500000,1508000,1,latest_live_09-QW0006,_local_runtime/最新直播全量解析_latest_live_full_analysis/full_20260723_155512/latest_live_09/api_raw/latest_live_09_vision_0006_qwen-vl-plus.json,observed_lifecycle_completed_source_limited_reply,partial
latest_live_09,latest_live_09-COM00012,latest_live_09-DG3b0fb79314db,主播加油！,encouragement,none,1500000,1508000,1,latest_live_09-QW0006,_local_runtime/最新直播全量解析_latest_live_full_analysis/full_20260723_155512/latest_live_09/api_raw/latest_live_09_vision_0006_qwen-vl-plus.json,observed_lifecycle_completed_source_limited_reply,partial
latest_live_09,latest_live_09-COM00013,latest_live_09-DGb3f55eafd0dc,期待更多好物！,expectation,none,1500000,1508000,1,latest_live_09-QW0006,_local_runtime/最新直播全量解析_latest_live_full_analysis/full_20260723_155512/latest_live_09/api_raw/latest_live_09_vision_0006_qwen-vl-plus.json,observed_lifecycle_completed_source_limited_reply,partial
latest_live_09,latest_live_09-COM00014,latest_live_09-DG3e2f277cd866,请问课程什么时候开始？,inquiry about schedule,none,1800000,1808000,1,latest_live_09-QW0007,_local_runtime/最新直播全量解析_latest_live_full_analysis/full_20260723_155512/latest_live_09/api_raw/latest_live_09_vision_0007_qwen3-vl-plus.json,observed_lifecycle_completed_source_limited_reply,partial
latest_live_09,latest_live_09-COM00015,latest_live_09-DGfea511f2f0d4,已下单，期待学习～,purchase confirmation,none,1800000,1808000,1,latest_live_09-QW0007,_local_runtime/最新直播全量解析_latest_live_full_analysis/full_20260723_155512/latest_live_09/api_raw/latest_live_09_vision_0007_qwen3-vl-plus.json,observed_lifecycle_completed_source_limited_reply,partial
latest_live_09,latest_live_09-COM00016,latest_live_09-DG9c40eef2f58e,这个方法我试了有效,experience sharing,none,2100000,2108000,1,latest_live_09-QW0008,_local_runtime/最新直播全量解析_latest_live_full_analysis/full_20260723_155512/latest_live_09/api_raw/latest_live_09_vision_0008_qwen3-vl-plus.json,observed_lifecycle_completed_source_limited_reply,partial
latest_live_09,latest_live_09-COM00017,latest_live_09-DG9b4b09ec1b27,请问能发资料吗,resource request,none,2100000,2108000,1,latest_live_09-QW0008,_local_runtime/最新直播全量解析_latest_live_full_analysis/full_20260723_155512/latest_live_09/api_raw/latest_live_09_vision_0008_qwen3-vl-plus.json,observed_lifecycle_completed_source_limited_reply,partial
latest_live_09,latest_live_09-COM00018,latest_live_09-DG5bb1eba686d0,已下单，期待效果,purchase confirmation,none,2100000,2108000,1,latest_live_09-QW0008,_local_runtime/最新直播全量解析_latest_live_full_analysis/full_20260723_155512/latest_live_09/api_raw/latest_live_09_vision_0008_qwen3-vl-plus.json,observed_lifecycle_completed_source_limited_reply,partial
latest_live_09,latest_live_09-COM00019,latest_live_09-DG2537d53e11b6,孩子最近进步很大,outcome report,none,2100000,2108000,1,latest_live_09-QW0008,_local_runtime/最新直播全量解析_latest_live_full_analysis/full_20260723_155512/latest_live_09/api_raw/latest_live_09_vision_0008_qwen3-vl-plus.json,observed_lifecycle_completed_source_limited_reply,partial
latest_live_10,latest_live_10-COM00001,latest_live_10-DG529217de8213,评论内容已脱敏,互动,none,0,6008000,4,latest_live_10-QW0001;latest_live_10-QW0011;latest_live_10-QW0013;latest_live_10-QW0021,_local_runtime/最新直播全量解析_latest_live_full_analysis/full_20260723_155512/latest_live_10/api_raw/latest_live_10_vision_0001_qwen-vl-plus.json;_local_runtime/最新直播全量解析_latest_live_full_analysis/full_20260723_155512/latest_live_10/api_raw/latest_live_10_vision_0011_qwen-vl-plus.json;_local_runtime/最新直播全量解析_latest_live_full_analysis/full_20260723_155512/latest_live_10/api_raw/latest_live_10_vision_0013_qwen-vl-plus.json;_local_runtime/最新直播全量解析_latest_live_full_analysis/full_20260723_155512/latest_live_10/api_raw/latest_live_10_vision_0021_qwen-vl-plus.json,observed_lifecycle_completed_source_limited_reply,partial
latest_live_10,latest_live_10-COM00002,latest_live_10-DG7e34502956e3,不错哦,positive_feedback,none,300000,4508000,2,latest_live_10-QW0002;latest_live_10-QW0016,_local_runtime/最新直播全量解析_latest_live_full_analysis/full_20260723_155512/latest_live_10/api_raw/latest_live_10_vision_0002_qwen-vl-plus.json;_local_runtime/最新直播全量解析_latest_live_full_analysis/full_20260723_155512/latest_live_10/api_raw/latest_live_10_vision_0016_qwen-vl-plus.json,observed_lifecycle_completed_source_limited_reply,partial
latest_live_10,latest_live_10-COM00003,latest_live_10-DG1a736f5321b4,加油,encouragement,none,300000,5408000,5,latest_live_10-QW0002;latest_live_10-QW0004;latest_live_10-QW0006;latest_live_10-QW0008;latest_live_10-QW0019,_local_runtime/最新直播全量解析_latest_live_full_analysis/full_20260723_155512/latest_live_10/api_raw/latest_live_10_vision_0002_qwen-vl-plus.json;_local_runtime/最新直播全量解析_latest_live_full_analysis/full_20260723_155512/latest_live_10/api_raw/latest_live_10_vision_0004_qwen-vl-plus.json;_local_runtime/最新直播全量解析_latest_live_full_analysis/full_20260723_155512/latest_live_10/api_raw/latest_live_10_vision_0006_qwen-vl-plus.json;_local_runtime/最新直播全量解析_latest_live_full_analysis/full_20260723_155512/latest_live_10/api_raw/latest_live_10_vision_0008_qwen-vl-plus.json;_local_runtime/最新直播全量解析_latest_live_full_analysis/full_20260723_155512/latest_live_10/api_raw/latest_live_10_vision_0019_qwen-vl-plus.json,observed_lifecycle_completed_source_limited_reply,partial
latest_live_10,latest_live_10-COM00004,latest_live_10-DGa02039cb85f7,私教课太贵了，有没有便宜点的？,price_inquiry,none,600000,608000,1,latest_live_10-QW0003,_local_runtime/最新直播全量解析_latest_live_full_analysis/full_20260723_155512/latest_live_10/api_raw/latest_live_10_vision_0003_qwen-vl-max.json,observed_lifecycle_completed_source_limited_reply,partial
latest_live_10,latest_live_10-COM00005,latest_live_10-DG9665d4734e70,这个动作真的有效吗？,effectiveness_question,none,600000,608000,1,latest_live_10-QW0003,_local_runtime/最新直播全量解析_latest_live_full_analysis/full_20260723_155512/latest_live_10/api_raw/latest_live_10_vision_0003_qwen-vl-max.json,observed_lifecycle_completed_source_limited_reply,partial
latest_live_10,latest_live_10-COM00006,latest_live_10-DG9e3114d5e0eb,每天坚持练，能改善吗？,commitment_question,none,600000,608000,1,latest_live_10-QW0003,_local_runtime/最新直播全量解析_latest_live_full_analysis/full_20260723_155512/latest_live_10/api_raw/latest_live_10_vision_0003_qwen-vl-max.json,observed_lifecycle_completed_source_limited_reply,partial
latest_live_10,latest_live_10-COM00007,latest_live_10-DG7142050a8222,老师好！,greeting,none,900000,5408000,5,latest_live_10-QW0004;latest_live_10-QW0008;latest_live_10-QW0014;latest_live_10-QW0015;latest_live_10-QW0019,_local_runtime/最新直播全量解析_latest_live_full_analysis/full_20260723_155512/latest_live_10/api_raw/latest_live_10_vision_0004_qwen-vl-plus.json;_local_runtime/最新直播全量解析_latest_live_full_analysis/full_20260723_155512/latest_live_10/api_raw/latest_live_10_vision_0008_qwen-vl-plus.json;_local_runtime/最新直播全量解析_latest_live_full_analysis/full_20260723_155512/latest_live_10/api_raw/latest_live_10_vision_0014_qwen-vl-plus.json;_local_runtime/最新直播全量解析_latest_live_full_analysis/full_20260723_155512/latest_live_10/api_raw/latest_live_10_vision_0015_qwen3-vl-plus.json;_local_runtime/最新直播全量解析_latest_live_full_analysis/full_20260723_155512/latest_live_10/api_raw/latest_live_10_vision_0019_qwen-vl-plus.json,observed_lifecycle_completed_source_limited_reply,partial
latest_live_10,latest_live_10-COM00008,latest_live_10-DG69d8d76de7af,老师讲得真好！,positive_feedback,none,1200000,1208000,1,latest_live_10-QW0005,_local_runtime/最新直播全量解析_latest_live_full_analysis/full_20260723_155512/latest_live_10/api_raw/latest_live_10_vision_0005_qwen-vl-plus.json,observed_lifecycle_completed_source_limited_reply,partial
latest_live_10,latest_live_10-COM00009,latest_live_10-DG02b195d00bd5,什么时候开始？,inquiry,none,1200000,1208000,1,latest_live_10-QW0005,_local_runtime/最新直播全量解析_latest_live_full_analysis/full_20260723_155512/latest_live_10/api_raw/latest_live_10_vision_0005_qwen-vl-plus.json,observed_lifecycle_completed_source_limited_reply,partial
latest_live_10,latest_live_10-COM00010,latest_live_10-DG440ee0853ad1,你好,greeting,none,1500000,1508000,1,latest_live_10-QW0006,_local_runtime/最新直播全量解析_latest_live_full_analysis/full_20260723_155512/latest_live_10/api_raw/latest_live_10_vision_0006_qwen-vl-plus.json,observed_lifecycle_completed_source_limited_reply,partial
latest_live_10,latest_live_10-COM00011,latest_live_10-DG45b84f5a2f97,老师讲得很好！,positive_feedback,none,1800000,1808000,1,latest_live_10-QW0007,_local_runtime/最新直播全量解析_latest_live_full_analysis/full_20260723_155512/latest_live_10/api_raw/latest_live_10_vision_0007_qwen-vl-plus.json,observed_lifecycle_completed_source_limited_reply,partial
latest_live_10,latest_live_10-COM00012,latest_live_10-DG92e6d848aa96,请问动作怎么做？,question,none,1800000,3908000,2,latest_live_10-QW0007;latest_live_10-QW0014,_local_runtime/最新直播全量解析_latest_live_full_analysis/full_20260723_155512/latest_live_10/api_raw/latest_live_10_vision_0007_qwen-vl-plus.json;_local_runtime/最新直播全量解析_latest_live_full_analysis/full_20260723_155512/latest_live_10/api_raw/latest_live_10_vision_0014_qwen-vl-plus.json,observed_lifecycle_completed_source_limited_reply,partial
latest_live_10,latest_live_10-COM00013,latest_live_10-DG1a12030e0445,不错，继续加油！,鼓励,none,2400000,2408000,1,latest_live_10-QW0009,_local_runtime/最新直播全量解析_latest_live_full_analysis/full_20260723_155512/latest_live_10/api_raw/latest_live_10_vision_0009_qwen-vl-plus.json,observed_lifecycle_completed_source_limited_reply,partial
latest_live_10,latest_live_10-COM00014,latest_live_10-DG664e891ff457,期待更多内容。,期待,none,2400000,2408000,1,latest_live_10-QW0009,_local_runtime/最新直播全量解析_latest_live_full_analysis/full_20260723_155512/latest_live_10/api_raw/latest_live_10_vision_0009_qwen-vl-plus.json,observed_lifecycle_completed_source_limited_reply,partial
latest_live_10,latest_live_10-COM00015,latest_live_10-DG0f674908b634,[redacted],query about class schedule,none,2700000,2708000,3,latest_live_10-QW0010,_local_runtime/最新直播全量解析_latest_live_full_analysis/full_20260723_155512/latest_live_10/api_raw/latest_live_10_vision_0010_qwen3-vl-plus.json,observed_lifecycle_completed_source_limited_reply,partial
latest_live_10,latest_live_10-COM00016,latest_live_10-DG58515b1f0e4e,主播好漂亮,compliment,none,3300000,3308000,1,latest_live_10-QW0012,_local_runtime/最新直播全量解析_latest_live_full_analysis/full_20260723_155512/latest_live_10/api_raw/latest_live_10_vision_0012_qwen-vl-plus.json,observed_lifecycle_completed_source_limited_reply,partial
latest_live_10,latest_live_10-COM00017,latest_live_10-DG5e2753b5918e,想买这个,purchase_intention,none,3300000,3308000,1,latest_live_10-QW0012,_local_runtime/最新直播全量解析_latest_live_full_analysis/full_20260723_155512/latest_live_10/api_raw/latest_live_10_vision_0012_qwen-vl-plus.json,observed_lifecycle_completed_source_limited_reply,partial
latest_live_10,latest_live_10-COM00018,latest_live_10-DG5ed94892fca1,申3 想问有个视频有练3多秒的打马和吸腿跳绳，想学力量，一学就学！,提问课程内容与学习目标,none,4200000,4208000,1,latest_live_10-QW0015,_local_runtime/最新直播全量解析_latest_live_full_analysis/full_20260723_155512/latest_live_10/api_raw/latest_live_10_vision_0015_qwen3-vl-plus.json,observed_lifecycle_completed_source_limited_reply,partial
latest_live_10,latest_live_10-COM00019,latest_live_10-DG9f548bb0fbfb,今天练了,反馈练习行为,none,4200000,4208000,1,latest_live_10-QW0015,_local_runtime/最新直播全量解析_latest_live_full_analysis/full_20260723_155512/latest_live_10/api_raw/latest_live_10_vision_0015_qwen3-vl-plus.json,observed_lifecycle_completed_source_limited_reply,partial
latest_live_10,latest_live_10-COM00020,latest_live_10-DG0593c10334c5,打卡,记录参与,none,4200000,4208000,1,latest_live_10-QW0015,_local_runtime/最新直播全量解析_latest_live_full_analysis/full_20260723_155512/latest_live_10/api_raw/latest_live_10_vision_0015_qwen3-vl-plus.json,observed_lifecycle_completed_source_limited_reply,partial
latest_live_10,latest_live_10-COM00021,latest_live_10-DG0637a22295e3,学到了,learning_experience,none,4500000,5708000,2,latest_live_10-QW0016;latest_live_10-QW0020,_local_runtime/最新直播全量解析_latest_live_full_analysis/full_20260723_155512/latest_live_10/api_raw/latest_live_10_vision_0016_qwen-vl-plus.json;_local_runtime/最新直播全量解析_latest_live_full_analysis/full_20260723_155512/latest_live_10/api_raw/latest_live_10_vision_0020_qwen-vl-plus.json,observed_lifecycle_completed_source_limited_reply,partial
latest_live_10,latest_live_10-COM00022,latest_live_10-DG873a5369d269,谢谢老师,gratitude,none,4500000,4508000,1,latest_live_10-QW0016,_local_runtime/最新直播全量解析_latest_live_full_analysis/full_20260723_155512/latest_live_10/api_raw/latest_live_10_vision_0016_qwen-vl-plus.json,observed_lifecycle_completed_source_limited_reply,partial
latest_live_10,latest_live_10-COM00023,latest_live_10-DG2e2b69a42445,老师讲得很好，谢谢！,appreciation,none,4800000,4808000,1,latest_live_10-QW0017,_local_runtime/最新直播全量解析_latest_live_full_analysis/full_20260723_155512/latest_live_10/api_raw/latest_live_10_vision_0017_qwen-vl-plus.json,observed_lifecycle_completed_source_limited_reply,partial
latest_live_10,latest_live_10-COM00024,latest_live_10-DG1ec08baaa584,学到新知识了，继续加油！,encouragement,none,4800000,4808000,1,latest_live_10-QW0017,_local_runtime/最新直播全量解析_latest_live_full_analysis/full_20260723_155512/latest_live_10/api_raw/latest_live_10_vision_0017_qwen-vl-plus.json,observed_lifecycle_completed_source_limited_reply,partial
latest_live_10,latest_live_10-COM00025,latest_live_10-DG6fd4aae2e356,评论已脱敏,支持/鼓励,none,5100000,5108000,1,latest_live_10-QW0018,_local_runtime/最新直播全量解析_latest_live_full_analysis/full_20260723_155512/latest_live_10/api_raw/latest_live_10_vision_0018_qwen-vl-plus.json,observed_lifecycle_completed_source_limited_reply,partial
latest_live_10,latest_live_10-COM00026,latest_live_10-DG8c51762582e1,老师讲得好,positive_feedback,none,5700000,5708000,1,latest_live_10-QW0020,_local_runtime/最新直播全量解析_latest_live_full_analysis/full_20260723_155512/latest_live_10/api_raw/latest_live_10_vision_0020_qwen-vl-plus.json,observed_lifecycle_completed_source_limited_reply,partial
