call_id,session_id,provider,model,modality,task_id,request_at,result_at,input_hash,output_hash,status,retry_count,local_raw_ref,git_safe_note
latest_live_01-ASR-0001,latest_live_01,Alibaba DashScope,fun-asr,audio_asr,9535f69f-0235-4de2-a0d7-cdf4eb968fdf,2026-07-23T15:56:06+08:00,2026-07-23T15:58:29+08:00,6cefb72c5ef1d7fc3037fb2950f6a5d3c4b8159a9fc56a99d6f2896838b6ff03,cde1af8e5c729e4a44de3f59e9b5fb38978f69b40f74588dfb96a5438f001c12,succeeded,0,_local_runtime/最新直播全量解析_latest_live_full_analysis/full_20260723_155512/latest_live_01/asr_raw/latest_live_01_asr_result.json,hash_and_redacted_ref_only_raw_local_not_committed
latest_live_02-ASR-0001,latest_live_02,Alibaba DashScope,fun-asr,audio_asr,55e251ab-c2bb-42de-888c-ca1fdee8512f,2026-07-23T15:56:19+08:00,2026-07-23T16:04:20+08:00,294b676c4f3e260c8b840822b6ea066c264c5d5904969bf35aece19baa0f2873,80df671217ff887d16121233426631c2a83866c316d30ecb2c173fad689615a4,succeeded,0,_local_runtime/最新直播全量解析_latest_live_full_analysis/full_20260723_155512/latest_live_02/asr_raw/latest_live_02_asr_result.json,hash_and_redacted_ref_only_raw_local_not_committed
latest_live_03-ASR-0001,latest_live_03,Alibaba DashScope,fun-asr,audio_asr,2410dc54-bacf-4107-a216-377a978caa21,2026-07-23T15:56:25+08:00,2026-07-23T16:10:03+08:00,88a22e46429c847c7c46e3905cdc0cd243c1f3929d19d6be3671c2505987d290,b95368edc2475382fb4efb2886d8565d545db364c63b0e8e25682a07cf36f2fa,succeeded,0,_local_runtime/最新直播全量解析_latest_live_full_analysis/full_20260723_155512/latest_live_03/asr_raw/latest_live_03_asr_result.json,hash_and_redacted_ref_only_raw_local_not_committed
latest_live_04-ASR-0001,latest_live_04,Alibaba DashScope,fun-asr,audio_asr,d0b0d0f6-81fc-41bf-b265-e2f386a50f6a,2026-07-23T15:56:29+08:00,2026-07-23T16:12:21+08:00,8d683cf0869704bae7aa5cf3943c2dc42614fa8428e79ecc79cc007d91248a33,fbda8f18c79a72d0f62ae3fdf0c5d563a2e918ca1494a4538bd70b04812c54e9,succeeded,0,_local_runtime/最新直播全量解析_latest_live_full_analysis/full_20260723_155512/latest_live_04/asr_raw/latest_live_04_asr_result.json,hash_and_redacted_ref_only_raw_local_not_committed
latest_live_05-ASR-0001,latest_live_05,Alibaba DashScope,fun-asr,audio_asr,64aa7cc8-76b2-45e8-8111-5cabb8f8b482,2026-07-23T15:56:40+08:00,2026-07-23T16:13:47+08:00,d39b575bf48580a19fe307c1a8c2a08eaa722c75f0e01f53c5b3e58dd6a433f8,2b8e424f210fe7ab5d74064d44ee560a3e262386ca23e9100baad4c799af173e,succeeded,0,_local_runtime/最新直播全量解析_latest_live_full_analysis/full_20260723_155512/latest_live_05/asr_raw/latest_live_05_asr_result.json,hash_and_redacted_ref_only_raw_local_not_committed
latest_live_06-ASR-0001,latest_live_06,Alibaba DashScope,fun-asr,audio_asr,6cdf7992-ad6d-4040-96f5-106a8dd0aa75,2026-07-23T15:56:47+08:00,2026-07-23T16:16:02+08:00,ed0948e00557ac6460e9308a798aa7713e30626657ddb1c62296bf9fc339f82f,6e1aaddd21a24ebb7e67943809cc48b34b577fe88943251307a99bcffd0103a7,succeeded,0,_local_runtime/最新直播全量解析_latest_live_full_analysis/full_20260723_155512/latest_live_06/asr_raw/latest_live_06_asr_result.json,hash_and_redacted_ref_only_raw_local_not_committed
latest_live_07-ASR-0001,latest_live_07,Alibaba DashScope,fun-asr,audio_asr,b5cd2ef5-9cb9-4e07-a9b9-cb54221ba8c6,2026-07-23T15:57:00+08:00,2026-07-23T16:19:37+08:00,f0641ca45fb89b10ba26fef925766a21b7815d399bb7f5c7b02027b0b446bba9,37c7d55b486fc3ee8fe8f0f56eef0fc3a2cd6caa66a8826714d37a76eefd4e39,succeeded,0,_local_runtime/最新直播全量解析_latest_live_full_analysis/full_20260723_155512/latest_live_07/asr_raw/latest_live_07_asr_result.json,hash_and_redacted_ref_only_raw_local_not_committed
latest_live_08-ASR-0001,latest_live_08,Alibaba DashScope,fun-asr,audio_asr,fada088f-dbe4-4e36-ac24-193b3efff87a,2026-07-23T15:57:08+08:00,2026-07-23T16:24:19+08:00,756bc744100073a07b3c0a588dd56be61c72e89177d76e45593ea225b1467b61,96ddc448c6e04b5b7fabb717a328bd814a3fca441416868cb0188b3eb07b1c0f,succeeded,0,_local_runtime/最新直播全量解析_latest_live_full_analysis/full_20260723_155512/latest_live_08/asr_raw/latest_live_08_asr_result.json,hash_and_redacted_ref_only_raw_local_not_committed
latest_live_09-ASR-0001,latest_live_09,Alibaba DashScope,fun-asr,audio_asr,e05628ec-243b-4e26-8881-3feed51c8c09,2026-07-23T15:57:13+08:00,2026-07-23T16:27:46+08:00,6b6bbe102ca1291f84065cbccb969b37dc0ff02c841167b1e725f0538ee258b9,dae11adecf69e16e77e42f1bf3a93cb308870ad276a1611de0a68bf9d8953ff9,succeeded,0,_local_runtime/最新直播全量解析_latest_live_full_analysis/full_20260723_155512/latest_live_09/asr_raw/latest_live_09_asr_result.json,hash_and_redacted_ref_only_raw_local_not_committed
latest_live_10-ASR-0001,latest_live_10,Alibaba DashScope,fun-asr,audio_asr,a34337fe-d97b-4e9a-a62b-e3bebffb52d5,2026-07-23T15:57:28+08:00,2026-07-23T16:30:37+08:00,9cb1bdbfb34204d5673cddd7c8ec1972bacee0609098dcca23faf828c1c50bcf,cfe50341ec18be00f6643ab3d4440ba68537a53c14eaba22d53dffa7727e055b,succeeded,0,_local_runtime/最新直播全量解析_latest_live_full_analysis/full_20260723_155512/latest_live_10/asr_raw/latest_live_10_asr_result.json,hash_and_redacted_ref_only_raw_local_not_committed
latest_live_01-QW0001,latest_live_01,Alibaba DashScope,qwen-vl-plus,qwen_vl_video_window,,2026-07-23T15:58:35+08:00,2026-07-23T15:58:35+08:00,7daee4076491,0badfe94b55d0b2b4c2745dda1050f8c222a53fc1ce6ffe47341b0c16335add9,connected,0,_local_runtime/最新直播全量解析_latest_live_full_analysis/full_20260723_155512/latest_live_01/api_raw/latest_live_01_vision_0001_qwen-vl-plus.json,hash_and_redacted_ref_only_raw_local_not_committed
latest_live_01-QW0002,latest_live_01,Alibaba DashScope,qwen-vl-plus,qwen_vl_video_window,,2026-07-23T15:58:41+08:00,2026-07-23T15:58:41+08:00,310fed4a3ef9,1d10182a683504525f1be3236048a214b07e96209ba9a640c898e725aaf4c112,connected,0,_local_runtime/最新直播全量解析_latest_live_full_analysis/full_20260723_155512/latest_live_01/api_raw/latest_live_01_vision_0002_qwen-vl-plus.json,hash_and_redacted_ref_only_raw_local_not_committed
latest_live_01-QW0003,latest_live_01,Alibaba DashScope,qwen-vl-plus,qwen_vl_video_window,,2026-07-23T15:59:03+08:00,2026-07-23T15:59:03+08:00,aeba56531699,aa2a041f55a6755205062e3c0607c68cfda52755f828234ff55494af0f1beb95,connected,0,_local_runtime/最新直播全量解析_latest_live_full_analysis/full_20260723_155512/latest_live_01/api_raw/latest_live_01_vision_0003_qwen-vl-plus.json,hash_and_redacted_ref_only_raw_local_not_committed
latest_live_01-QW0004,latest_live_01,Alibaba DashScope,qwen-vl-plus,qwen_vl_video_window,,2026-07-23T15:59:08+08:00,2026-07-23T15:59:08+08:00,13ace3e3dadd,a50f5aa3f311bfb6e82ea0c373cf045768ef4284dd089e5561245bc23b64a338,connected,0,_local_runtime/最新直播全量解析_latest_live_full_analysis/full_20260723_155512/latest_live_01/api_raw/latest_live_01_vision_0004_qwen-vl-plus.json,hash_and_redacted_ref_only_raw_local_not_committed
latest_live_01-QW0005,latest_live_01,Alibaba DashScope,qwen-vl-plus,qwen_vl_video_window,,2026-07-23T15:59:14+08:00,2026-07-23T15:59:14+08:00,cd2ae893ad49,4d1636b56db996be5d974bc414d2fa4ad6a2f1dc7d51a1785183eb7e03d1559f,connected,0,_local_runtime/最新直播全量解析_latest_live_full_analysis/full_20260723_155512/latest_live_01/api_raw/latest_live_01_vision_0005_qwen-vl-plus.json,hash_and_redacted_ref_only_raw_local_not_committed
latest_live_01-QW0006,latest_live_01,Alibaba DashScope,qwen-vl-plus,qwen_vl_video_window,,2026-07-23T15:59:19+08:00,2026-07-23T15:59:19+08:00,d286e24089a0,cb798ddc0163f117e5b639df1c764ce59640e50b25ab474bc15847d9ef398d75,connected,0,_local_runtime/最新直播全量解析_latest_live_full_analysis/full_20260723_155512/latest_live_01/api_raw/latest_live_01_vision_0006_qwen-vl-plus.json,hash_and_redacted_ref_only_raw_local_not_committed
latest_live_01-QW0007,latest_live_01,Alibaba DashScope,qwen-vl-plus,qwen_vl_video_window,,2026-07-23T15:59:23+08:00,2026-07-23T15:59:23+08:00,63661a583c7e,6e100b5ab4a6b44e4c48f64abda49ca6a121abbee02f4cb8c6ca88719be3695b,connected,0,_local_runtime/最新直播全量解析_latest_live_full_analysis/full_20260723_155512/latest_live_01/api_raw/latest_live_01_vision_0007_qwen-vl-plus.json,hash_and_redacted_ref_only_raw_local_not_committed
latest_live_01-QW0008,latest_live_01,Alibaba DashScope,qwen-vl-plus,qwen_vl_video_window,,2026-07-23T15:59:28+08:00,2026-07-23T15:59:28+08:00,681b760b273f,ca83064b12de1d05f4ec6668ea4ef856b6ff69a627346cab0633ac1945482af5,connected,0,_local_runtime/最新直播全量解析_latest_live_full_analysis/full_20260723_155512/latest_live_01/api_raw/latest_live_01_vision_0008_qwen-vl-plus.json,hash_and_redacted_ref_only_raw_local_not_committed
latest_live_01-QW0009,latest_live_01,Alibaba DashScope,qwen-vl-max,qwen_vl_video_window,,2026-07-23T15:59:57+08:00,2026-07-23T15:59:57+08:00,bfaae65788a5,a15a99766f8d365732a7192b4a0d8d67d852cb1604b2a45ba262a2e6afd957d5,connected,0,_local_runtime/最新直播全量解析_latest_live_full_analysis/full_20260723_155512/latest_live_01/api_raw/latest_live_01_vision_0009_qwen-vl-max.json,hash_and_redacted_ref_only_raw_local_not_committed
latest_live_01-QW0010,latest_live_01,Alibaba DashScope,qwen-vl-plus,qwen_vl_video_window,,2026-07-23T16:00:05+08:00,2026-07-23T16:00:05+08:00,53c92a8859e7,158d652c9409edbf8a39cd4307773802aab09d277504e2307da9575b8462cf35,connected,0,_local_runtime/最新直播全量解析_latest_live_full_analysis/full_20260723_155512/latest_live_01/api_raw/latest_live_01_vision_0010_qwen-vl-plus.json,hash_and_redacted_ref_only_raw_local_not_committed
latest_live_01-QW0011,latest_live_01,Alibaba DashScope,qwen-vl-plus,qwen_vl_video_window,,2026-07-23T16:00:11+08:00,2026-07-23T16:00:11+08:00,7b7d6eedabf7,04602a9011691c5554c427afda64310fb8d63c11b3708c446f33cd6a6cf8bddc,connected,0,_local_runtime/最新直播全量解析_latest_live_full_analysis/full_20260723_155512/latest_live_01/api_raw/latest_live_01_vision_0011_qwen-vl-plus.json,hash_and_redacted_ref_only_raw_local_not_committed
latest_live_01-QW0012,latest_live_01,Alibaba DashScope,qwen-vl-plus,qwen_vl_video_window,,2026-07-23T16:00:16+08:00,2026-07-23T16:00:16+08:00,061e62da469a,6c97572544fd79dccec5aa5a2bd67e64db80bb5aff0f5c2b30d06ab3594b5fa9,connected,0,_local_runtime/最新直播全量解析_latest_live_full_analysis/full_20260723_155512/latest_live_01/api_raw/latest_live_01_vision_0012_qwen-vl-plus.json,hash_and_redacted_ref_only_raw_local_not_committed
latest_live_01-QW0013,latest_live_01,Alibaba DashScope,qwen-vl-plus,qwen_vl_video_window,,2026-07-23T16:00:22+08:00,2026-07-23T16:00:22+08:00,851c0b382ae6,f333d7752734125d0bbfd05dd35861a36a8af4a32636b148fdfb55fe923a9e11,connected,0,_local_runtime/最新直播全量解析_latest_live_full_analysis/full_20260723_155512/latest_live_01/api_raw/latest_live_01_vision_0013_qwen-vl-plus.json,hash_and_redacted_ref_only_raw_local_not_committed
latest_live_01-QW0014,latest_live_01,Alibaba DashScope,qwen-vl-plus,qwen_vl_video_window,,2026-07-23T16:00:28+08:00,2026-07-23T16:00:28+08:00,1eeee523397a,d6379ad941f17eef3bf83b40ce8cd96faa82bd022d17f915278a9a83babe2b35,connected,0,_local_runtime/最新直播全量解析_latest_live_full_analysis/full_20260723_155512/latest_live_01/api_raw/latest_live_01_vision_0014_qwen-vl-plus.json,hash_and_redacted_ref_only_raw_local_not_committed
latest_live_01-QW0015,latest_live_01,Alibaba DashScope,qwen-vl-plus,qwen_vl_video_window,,2026-07-23T16:00:36+08:00,2026-07-23T16:00:36+08:00,20ed25116a00,a7ea023e4e9e086f5b68d72e171cd7d2259ac1b31b1422c4777eb1b221df4d14,connected,0,_local_runtime/最新直播全量解析_latest_live_full_analysis/full_20260723_155512/latest_live_01/api_raw/latest_live_01_vision_0015_qwen-vl-plus.json,hash_and_redacted_ref_only_raw_local_not_committed
latest_live_01-QW0016,latest_live_01,Alibaba DashScope,qwen-vl-plus,qwen_vl_video_window,,2026-07-23T16:00:44+08:00,2026-07-23T16:00:44+08:00,ded8ee2d6201,7ccccfc869f0398b2ada42603af9313e1d22c68f437248f197bf38a7ee2111a4,connected,0,_local_runtime/最新直播全量解析_latest_live_full_analysis/full_20260723_155512/latest_live_01/api_raw/latest_live_01_vision_0016_qwen-vl-plus.json,hash_and_redacted_ref_only_raw_local_not_committed
latest_live_01-QW0017,latest_live_01,Alibaba DashScope,qwen-vl-plus,qwen_vl_video_window,,2026-07-23T16:00:50+08:00,2026-07-23T16:00:50+08:00,aabdb96d8616,8fa215f3eb75f6b8944020ec2efaebdedb8178093b6a00ee7a7cc63b061db1da,connected,0,_local_runtime/最新直播全量解析_latest_live_full_analysis/full_20260723_155512/latest_live_01/api_raw/latest_live_01_vision_0017_qwen-vl-plus.json,hash_and_redacted_ref_only_raw_local_not_committed
latest_live_01-QW0018,latest_live_01,Alibaba DashScope,qwen-vl-plus,qwen_vl_video_window,,2026-07-23T16:00:55+08:00,2026-07-23T16:00:55+08:00,9d0c4e751a63,d5cf0133232b672470c9315a087fbd4743be55467b79df602089a06051e01589,connected,0,_local_runtime/最新直播全量解析_latest_live_full_analysis/full_20260723_155512/latest_live_01/api_raw/latest_live_01_vision_0018_qwen-vl-plus.json,hash_and_redacted_ref_only_raw_local_not_committed
latest_live_01-QW0019,latest_live_01,Alibaba DashScope,qwen-vl-plus,qwen_vl_video_window,,2026-07-23T16:01:00+08:00,2026-07-23T16:01:00+08:00,29269412ab67,7c98c2060c37173ce364cf65c42b09ed4dbb9248a9c69dcb5fab12994004c4ab,connected,0,_local_runtime/最新直播全量解析_latest_live_full_analysis/full_20260723_155512/latest_live_01/api_raw/latest_live_01_vision_0019_qwen-vl-plus.json,hash_and_redacted_ref_only_raw_local_not_committed
latest_live_01-QW0020,latest_live_01,Alibaba DashScope,qwen3-vl-plus,qwen_vl_video_window,,2026-07-23T16:01:29+08:00,2026-07-23T16:01:29+08:00,626dc50a6f35,fc383f58605d918c5209ec18ef9a51713ec13c9459bb142ca6e10bed4deab1a4,connected,0,_local_runtime/最新直播全量解析_latest_live_full_analysis/full_20260723_155512/latest_live_01/api_raw/latest_live_01_vision_0020_qwen3-vl-plus.json,hash_and_redacted_ref_only_raw_local_not_committed
latest_live_02-QW0001,latest_live_02,Alibaba DashScope,qwen-vl-plus,qwen_vl_video_window,,2026-07-23T16:04:25+08:00,2026-07-23T16:04:25+08:00,36c2413f9e0b,2ae170df4e6a759cc63992fe001d5da6595d8a0e99b575d1244d5a50d86ba679,connected,0,_local_runtime/最新直播全量解析_latest_live_full_analysis/full_20260723_155512/latest_live_02/api_raw/latest_live_02_vision_0001_qwen-vl-plus.json,hash_and_redacted_ref_only_raw_local_not_committed
latest_live_02-QW0002,latest_live_02,Alibaba DashScope,qwen-vl-plus,qwen_vl_video_window,,2026-07-23T16:04:30+08:00,2026-07-23T16:04:30+08:00,1387db2e4cfe,39981c13ff35e2b5f4d90fc6dae338637ab17475176a196462ddbf3a53aa04d2,connected,0,_local_runtime/最新直播全量解析_latest_live_full_analysis/full_20260723_155512/latest_live_02/api_raw/latest_live_02_vision_0002_qwen-vl-plus.json,hash_and_redacted_ref_only_raw_local_not_committed
latest_live_02-QW0003,latest_live_02,Alibaba DashScope,qwen-vl-plus,qwen_vl_video_window,,2026-07-23T16:04:36+08:00,2026-07-23T16:04:36+08:00,b272aef77a43,acd5bbc1654199a918576520276d8c0378d5e99e35afe465f4d52b71aca513ce,connected,0,_local_runtime/最新直播全量解析_latest_live_full_analysis/full_20260723_155512/latest_live_02/api_raw/latest_live_02_vision_0003_qwen-vl-plus.json,hash_and_redacted_ref_only_raw_local_not_committed
latest_live_02-QW0004,latest_live_02,Alibaba DashScope,qwen-vl-plus,qwen_vl_video_window,,2026-07-23T16:04:41+08:00,2026-07-23T16:04:41+08:00,d476d14626e1,522d76c63489475f92170b94449aac6d1626fe172c3d646924a005f1fdfe61a5,connected,0,_local_runtime/最新直播全量解析_latest_live_full_analysis/full_20260723_155512/latest_live_02/api_raw/latest_live_02_vision_0004_qwen-vl-plus.json,hash_and_redacted_ref_only_raw_local_not_committed
latest_live_02-QW0005,latest_live_02,Alibaba DashScope,qwen-vl-plus,qwen_vl_video_window,,2026-07-23T16:04:46+08:00,2026-07-23T16:04:46+08:00,e578ce050014,c80b100f927f26f394f58e7a435357478a9bed192e9e122521e1034ac1b2cf8a,connected,0,_local_runtime/最新直播全量解析_latest_live_full_analysis/full_20260723_155512/latest_live_02/api_raw/latest_live_02_vision_0005_qwen-vl-plus.json,hash_and_redacted_ref_only_raw_local_not_committed
latest_live_02-QW0006,latest_live_02,Alibaba DashScope,qwen-vl-plus,qwen_vl_video_window,,2026-07-23T16:04:52+08:00,2026-07-23T16:04:52+08:00,1b5b87a56657,bb591de22512b4f1ef52152881421a46a7d7c49baf1b42ecb6843fd3c23c5f2a,connected,0,_local_runtime/最新直播全量解析_latest_live_full_analysis/full_20260723_155512/latest_live_02/api_raw/latest_live_02_vision_0006_qwen-vl-plus.json,hash_and_redacted_ref_only_raw_local_not_committed
latest_live_02-QW0007,latest_live_02,Alibaba DashScope,qwen-vl-plus,qwen_vl_video_window,,2026-07-23T16:04:57+08:00,2026-07-23T16:04:57+08:00,9174cabdf547,3dbf4fc65c93a0170408266c5a5380f38e286fb08910bb0896051c2c4ad2b13f,connected,0,_local_runtime/最新直播全量解析_latest_live_full_analysis/full_20260723_155512/latest_live_02/api_raw/latest_live_02_vision_0007_qwen-vl-plus.json,hash_and_redacted_ref_only_raw_local_not_committed
latest_live_02-QW0008,latest_live_02,Alibaba DashScope,qwen-vl-plus,qwen_vl_video_window,,2026-07-23T16:05:02+08:00,2026-07-23T16:05:02+08:00,2795cfabe75b,04b4bdd2ba90d0afe5c78c2e7cc31c7d1e724ec40381139beb773e7b767d4bb1,connected,0,_local_runtime/最新直播全量解析_latest_live_full_analysis/full_20260723_155512/latest_live_02/api_raw/latest_live_02_vision_0008_qwen-vl-plus.json,hash_and_redacted_ref_only_raw_local_not_committed
latest_live_02-QW0009,latest_live_02,Alibaba DashScope,qwen-vl-plus,qwen_vl_video_window,,2026-07-23T16:05:08+08:00,2026-07-23T16:05:08+08:00,af41531f528b,ed447dd4bbf93a0fb0a2de482b1052ce588f97838ded2f729b42cfd64243f71e,connected,0,_local_runtime/最新直播全量解析_latest_live_full_analysis/full_20260723_155512/latest_live_02/api_raw/latest_live_02_vision_0009_qwen-vl-plus.json,hash_and_redacted_ref_only_raw_local_not_committed
latest_live_02-QW0010,latest_live_02,Alibaba DashScope,qwen-vl-plus,qwen_vl_video_window,,2026-07-23T16:05:13+08:00,2026-07-23T16:05:13+08:00,198d46bb835a,11b602080d60a1374b8e0c89b9545a033b89f9bbbc80680ca4ee85efd6b67955,connected,0,_local_runtime/最新直播全量解析_latest_live_full_analysis/full_20260723_155512/latest_live_02/api_raw/latest_live_02_vision_0010_qwen-vl-plus.json,hash_and_redacted_ref_only_raw_local_not_committed
latest_live_02-QW0011,latest_live_02,Alibaba DashScope,qwen-vl-plus,qwen_vl_video_window,,2026-07-23T16:05:18+08:00,2026-07-23T16:05:18+08:00,0ae385055571,a28e3951da1d5f28fe90d8e7e5893bed15a34b9c494d3da460335ac2177562e8,connected,0,_local_runtime/最新直播全量解析_latest_live_full_analysis/full_20260723_155512/latest_live_02/api_raw/latest_live_02_vision_0011_qwen-vl-plus.json,hash_and_redacted_ref_only_raw_local_not_committed
latest_live_02-QW0012,latest_live_02,Alibaba DashScope,qwen3-vl-plus,qwen_vl_video_window,,2026-07-23T16:05:43+08:00,2026-07-23T16:05:43+08:00,785485dabfa4,f40808e0bd59c6d7afe2bf56426fdb8e8edfd192ca7be6657f630cc64e7ca6b9,connected,0,_local_runtime/最新直播全量解析_latest_live_full_analysis/full_20260723_155512/latest_live_02/api_raw/latest_live_02_vision_0012_qwen3-vl-plus.json,hash_and_redacted_ref_only_raw_local_not_committed
latest_live_02-QW0013,latest_live_02,Alibaba DashScope,qwen-vl-plus,qwen_vl_video_window,,2026-07-23T16:05:49+08:00,2026-07-23T16:05:49+08:00,7886f224281d,259927b4e96a81d00d82551e3c721a308e20a4e3cd75c67fb96219de5aca3af7,connected,0,_local_runtime/最新直播全量解析_latest_live_full_analysis/full_20260723_155512/latest_live_02/api_raw/latest_live_02_vision_0013_qwen-vl-plus.json,hash_and_redacted_ref_only_raw_local_not_committed
latest_live_02-QW0014,latest_live_02,Alibaba DashScope,qwen3-vl-plus,qwen_vl_video_window,,2026-07-23T16:06:14+08:00,2026-07-23T16:06:14+08:00,b1e249503588,1743c15d9766941a72f926048934f3612e3e0c48fc41a6c8cb158dcb955d0c80,connected,0,_local_runtime/最新直播全量解析_latest_live_full_analysis/full_20260723_155512/latest_live_02/api_raw/latest_live_02_vision_0014_qwen3-vl-plus.json,hash_and_redacted_ref_only_raw_local_not_committed
latest_live_02-QW0015,latest_live_02,Alibaba DashScope,qwen-vl-plus,qwen_vl_video_window,,2026-07-23T16:06:20+08:00,2026-07-23T16:06:20+08:00,a72c7bff56d4,009cad98b01af4a22c13b0ff5627148b750cd2ad319911a13b1413bc72fb18fb,connected,0,_local_runtime/最新直播全量解析_latest_live_full_analysis/full_20260723_155512/latest_live_02/api_raw/latest_live_02_vision_0015_qwen-vl-plus.json,hash_and_redacted_ref_only_raw_local_not_committed
latest_live_02-QW0016,latest_live_02,Alibaba DashScope,qwen-vl-plus,qwen_vl_video_window,,2026-07-23T16:06:25+08:00,2026-07-23T16:06:25+08:00,f7b04aa63ef8,6b82d733c0d960c2966c5b63f26d7b7531f25507b0958d3f04bda8a719964ed1,connected,0,_local_runtime/最新直播全量解析_latest_live_full_analysis/full_20260723_155512/latest_live_02/api_raw/latest_live_02_vision_0016_qwen-vl-plus.json,hash_and_redacted_ref_only_raw_local_not_committed
latest_live_02-QW0017,latest_live_02,Alibaba DashScope,qwen3-vl-plus,qwen_vl_video_window,,2026-07-23T16:06:53+08:00,2026-07-23T16:06:53+08:00,389c05558297,355d31c663a7485bb255d7216c03136af0751abe190d517db649532638b6c768,connected,0,_local_runtime/最新直播全量解析_latest_live_full_analysis/full_20260723_155512/latest_live_02/api_raw/latest_live_02_vision_0017_qwen3-vl-plus.json,hash_and_redacted_ref_only_raw_local_not_committed
latest_live_02-QW0018,latest_live_02,Alibaba DashScope,qwen-vl-plus,qwen_vl_video_window,,2026-07-23T16:06:58+08:00,2026-07-23T16:06:58+08:00,986c1fda20c7,ac098e4d7bf74ede3d6a6559d6b73a865f54f61764084b81b29ba780c7352611,connected,0,_local_runtime/最新直播全量解析_latest_live_full_analysis/full_20260723_155512/latest_live_02/api_raw/latest_live_02_vision_0018_qwen-vl-plus.json,hash_and_redacted_ref_only_raw_local_not_committed
latest_live_02-QW0019,latest_live_02,Alibaba DashScope,qwen-vl-max,qwen_vl_video_window,,2026-07-23T16:07:29+08:00,2026-07-23T16:07:29+08:00,47b543748e35,5a4c41407d1ab2f77cbf232ac3d1d75f917eb595d0a30e0382a07f8d65eadc50,connected,0,_local_runtime/最新直播全量解析_latest_live_full_analysis/full_20260723_155512/latest_live_02/api_raw/latest_live_02_vision_0019_qwen-vl-max.json,hash_and_redacted_ref_only_raw_local_not_committed
latest_live_02-QW0020,latest_live_02,Alibaba DashScope,qwen-vl-plus,qwen_vl_video_window,,2026-07-23T16:07:34+08:00,2026-07-23T16:07:34+08:00,02f3323a1e9f,6cedba4a671990a1dc19c3b6da64e4f9bb282b5f29eacea1a395a55ed9e013ed,connected,0,_local_runtime/最新直播全量解析_latest_live_full_analysis/full_20260723_155512/latest_live_02/api_raw/latest_live_02_vision_0020_qwen-vl-plus.json,hash_and_redacted_ref_only_raw_local_not_committed
latest_live_03-QW0001,latest_live_03,Alibaba DashScope,qwen-vl-plus,qwen_vl_video_window,,2026-07-23T16:10:14+08:00,2026-07-23T16:10:14+08:00,6dfbba3a2cf1,1dbcf3ad564ac858d5d80fd6eaa2a5c5cab1367677648413c2d3652cb4fa2e9c,connected,0,_local_runtime/最新直播全量解析_latest_live_full_analysis/full_20260723_155512/latest_live_03/api_raw/latest_live_03_vision_0001_qwen-vl-plus.json,hash_and_redacted_ref_only_raw_local_not_committed
latest_live_03-QW0002,latest_live_03,Alibaba DashScope,qwen-vl-plus,qwen_vl_video_window,,2026-07-23T16:10:22+08:00,2026-07-23T16:10:22+08:00,035873367694,99d7bcd544eec95c3cc73c3ab5d2f1ded3fdaab1a53d5c56e73a3753dce99490,connected,0,_local_runtime/最新直播全量解析_latest_live_full_analysis/full_20260723_155512/latest_live_03/api_raw/latest_live_03_vision_0002_qwen-vl-plus.json,hash_and_redacted_ref_only_raw_local_not_committed
latest_live_03-QW0003,latest_live_03,Alibaba DashScope,qwen-vl-plus,qwen_vl_video_window,,2026-07-23T16:10:28+08:00,2026-07-23T16:10:28+08:00,16c67f93258d,e30a9f6f0c4eba0892bba0c20ec0f9090d03f841d0b9246ff602c26fba939245,connected,0,_local_runtime/最新直播全量解析_latest_live_full_analysis/full_20260723_155512/latest_live_03/api_raw/latest_live_03_vision_0003_qwen-vl-plus.json,hash_and_redacted_ref_only_raw_local_not_committed
latest_live_03-QW0004,latest_live_03,Alibaba DashScope,qwen-vl-plus,qwen_vl_video_window,,2026-07-23T16:10:34+08:00,2026-07-23T16:10:34+08:00,df75752abfac,e01fe80563f2989219ac79b7870fa20fc4f45486bda8334d3f967908e6873e70,connected,0,_local_runtime/最新直播全量解析_latest_live_full_analysis/full_20260723_155512/latest_live_03/api_raw/latest_live_03_vision_0004_qwen-vl-plus.json,hash_and_redacted_ref_only_raw_local_not_committed
latest_live_03-QW0005,latest_live_03,Alibaba DashScope,qwen-vl-plus,qwen_vl_video_window,,2026-07-23T16:10:40+08:00,2026-07-23T16:10:40+08:00,f54931ef61c7,65c43936821093530997a1cdf2dd3c1d4c60a95ba2ad1ab865bd07a01c587cd9,connected,0,_local_runtime/最新直播全量解析_latest_live_full_analysis/full_20260723_155512/latest_live_03/api_raw/latest_live_03_vision_0005_qwen-vl-plus.json,hash_and_redacted_ref_only_raw_local_not_committed
latest_live_03-QW0006,latest_live_03,Alibaba DashScope,qwen-vl-plus,qwen_vl_video_window,,2026-07-23T16:10:47+08:00,2026-07-23T16:10:47+08:00,b63d2cd7a4f9,0bc25e73d4246854fbc90bcd0a8b288a9fd22cb3801af57b065f99401e9f6517,connected,0,_local_runtime/最新直播全量解析_latest_live_full_analysis/full_20260723_155512/latest_live_03/api_raw/latest_live_03_vision_0006_qwen-vl-plus.json,hash_and_redacted_ref_only_raw_local_not_committed
latest_live_03-QW0007,latest_live_03,Alibaba DashScope,qwen-vl-plus,qwen_vl_video_window,,2026-07-23T16:10:52+08:00,2026-07-23T16:10:52+08:00,4f6cb8dc3fd8,dbe6c98f06ec9fda2c590cb97a8df7eff925a8a69ebb860b7bed804bf01e538c,connected,0,_local_runtime/最新直播全量解析_latest_live_full_analysis/full_20260723_155512/latest_live_03/api_raw/latest_live_03_vision_0007_qwen-vl-plus.json,hash_and_redacted_ref_only_raw_local_not_committed
latest_live_03-QW0008,latest_live_03,Alibaba DashScope,qwen-vl-plus,qwen_vl_video_window,,2026-07-23T16:11:03+08:00,2026-07-23T16:11:03+08:00,6811dc0fd8c3,e1ec90984dc594f796584b2843d5bb9568a1055fa9303f8944ff68772183d9c4,connected,0,_local_runtime/最新直播全量解析_latest_live_full_analysis/full_20260723_155512/latest_live_03/api_raw/latest_live_03_vision_0008_qwen-vl-plus.json,hash_and_redacted_ref_only_raw_local_not_committed
latest_live_03-QW0009,latest_live_03,Alibaba DashScope,qwen-vl-plus,qwen_vl_video_window,,2026-07-23T16:11:09+08:00,2026-07-23T16:11:09+08:00,da759b4ba5ce,796cd02ba8998c12765d49d6b13cdd2d1ea731878959ebc407c2c94d5b98fae4,connected,0,_local_runtime/最新直播全量解析_latest_live_full_analysis/full_20260723_155512/latest_live_03/api_raw/latest_live_03_vision_0009_qwen-vl-plus.json,hash_and_redacted_ref_only_raw_local_not_committed
latest_live_04-QW0001,latest_live_04,Alibaba DashScope,qwen-vl-plus,qwen_vl_video_window,,2026-07-23T16:12:27+08:00,2026-07-23T16:12:27+08:00,84b1855b72d3,a4ebbd592b0bbd664e974df4f082e0c08a8e0d31e5eabd14093795fbff3c5aad,connected,0,_local_runtime/最新直播全量解析_latest_live_full_analysis/full_20260723_155512/latest_live_04/api_raw/latest_live_04_vision_0001_qwen-vl-plus.json,hash_and_redacted_ref_only_raw_local_not_committed
latest_live_04-QW0002,latest_live_04,Alibaba DashScope,qwen-vl-plus,qwen_vl_video_window,,2026-07-23T16:12:34+08:00,2026-07-23T16:12:34+08:00,61576a454c99,a55dfe8904958c61196d327da748029aba5499d34cf756e09e86f360b2cbf842,connected,0,_local_runtime/最新直播全量解析_latest_live_full_analysis/full_20260723_155512/latest_live_04/api_raw/latest_live_04_vision_0002_qwen-vl-plus.json,hash_and_redacted_ref_only_raw_local_not_committed
latest_live_04-QW0003,latest_live_04,Alibaba DashScope,qwen-vl-plus,qwen_vl_video_window,,2026-07-23T16:12:45+08:00,2026-07-23T16:12:45+08:00,f159b7a01ee8,653d6b27bf96fb573b390e4f22335be8f09c7cde7c08f2d861de09822e96899c,connected,0,_local_runtime/最新直播全量解析_latest_live_full_analysis/full_20260723_155512/latest_live_04/api_raw/latest_live_04_vision_0003_qwen-vl-plus.json,hash_and_redacted_ref_only_raw_local_not_committed
latest_live_04-QW0004,latest_live_04,Alibaba DashScope,qwen-vl-plus,qwen_vl_video_window,,2026-07-23T16:12:52+08:00,2026-07-23T16:12:52+08:00,653fb7db561a,2fe6d7379e4d224eabf8e943d421ec8de4fb784188b67f7fb481d427a312bc51,connected,0,_local_runtime/最新直播全量解析_latest_live_full_analysis/full_20260723_155512/latest_live_04/api_raw/latest_live_04_vision_0004_qwen-vl-plus.json,hash_and_redacted_ref_only_raw_local_not_committed
latest_live_04-QW0005,latest_live_04,Alibaba DashScope,qwen-vl-plus,qwen_vl_video_window,,2026-07-23T16:12:58+08:00,2026-07-23T16:12:58+08:00,607a65ed0033,667366bfba865595dacad0617ba6bbb455aa30f71754cb6ba12f2870d34e20e7,connected,0,_local_runtime/最新直播全量解析_latest_live_full_analysis/full_20260723_155512/latest_live_04/api_raw/latest_live_04_vision_0005_qwen-vl-plus.json,hash_and_redacted_ref_only_raw_local_not_committed
latest_live_04-QW0006,latest_live_04,Alibaba DashScope,qwen-vl-plus,qwen_vl_video_window,,2026-07-23T16:13:05+08:00,2026-07-23T16:13:05+08:00,efe56aeccd08,b626fcc092c97e0f05460ab41bac9d319e9ffa5136e6a6bbea8e282d750b6eec,connected,0,_local_runtime/最新直播全量解析_latest_live_full_analysis/full_20260723_155512/latest_live_04/api_raw/latest_live_04_vision_0006_qwen-vl-plus.json,hash_and_redacted_ref_only_raw_local_not_committed
latest_live_05-QW0001,latest_live_05,Alibaba DashScope,qwen-vl-plus,qwen_vl_video_window,,2026-07-23T16:13:53+08:00,2026-07-23T16:13:53+08:00,8f2eee19f050,39802037536d206abe98ddd4df9ec98a9caa5ddf9922d3addf86da31d1f74cd0,connected,0,_local_runtime/最新直播全量解析_latest_live_full_analysis/full_20260723_155512/latest_live_05/api_raw/latest_live_05_vision_0001_qwen-vl-plus.json,hash_and_redacted_ref_only_raw_local_not_committed
latest_live_05-QW0002,latest_live_05,Alibaba DashScope,qwen-vl-plus,qwen_vl_video_window,,2026-07-23T16:13:59+08:00,2026-07-23T16:13:59+08:00,01f60858b0f3,f61ae6cdc64f4dc75b54732d9b9ac2a82007ea0bfdfdca9f1408d056df9dd0c2,connected,0,_local_runtime/最新直播全量解析_latest_live_full_analysis/full_20260723_155512/latest_live_05/api_raw/latest_live_05_vision_0002_qwen-vl-plus.json,hash_and_redacted_ref_only_raw_local_not_committed
latest_live_05-QW0003,latest_live_05,Alibaba DashScope,qwen-vl-plus,qwen_vl_video_window,,2026-07-23T16:14:11+08:00,2026-07-23T16:14:11+08:00,8b5f2ebfe859,c97d4b70781017fc0e7b6a7131957720c05b2b3045bac1c690510bca0328d050,connected,0,_local_runtime/最新直播全量解析_latest_live_full_analysis/full_20260723_155512/latest_live_05/api_raw/latest_live_05_vision_0003_qwen-vl-plus.json,hash_and_redacted_ref_only_raw_local_not_committed
latest_live_05-QW0004,latest_live_05,Alibaba DashScope,qwen-vl-plus,qwen_vl_video_window,,2026-07-23T16:14:16+08:00,2026-07-23T16:14:16+08:00,f1d83916e368,adb405009e50a750ed68f634d89ab71ed6087fa571158bbae6ac975a77eaa86d,connected,0,_local_runtime/最新直播全量解析_latest_live_full_analysis/full_20260723_155512/latest_live_05/api_raw/latest_live_05_vision_0004_qwen-vl-plus.json,hash_and_redacted_ref_only_raw_local_not_committed
latest_live_05-QW0005,latest_live_05,Alibaba DashScope,qwen-vl-plus,qwen_vl_video_window,,2026-07-23T16:14:23+08:00,2026-07-23T16:14:23+08:00,d2b225ce30c7,d536a7cecdd6be3d69a1d6a00627a2b56edfa09d4e377acf33129e5be0a327e2,connected,0,_local_runtime/最新直播全量解析_latest_live_full_analysis/full_20260723_155512/latest_live_05/api_raw/latest_live_05_vision_0005_qwen-vl-plus.json,hash_and_redacted_ref_only_raw_local_not_committed
latest_live_05-QW0006,latest_live_05,Alibaba DashScope,qwen-vl-plus,qwen_vl_video_window,,2026-07-23T16:14:29+08:00,2026-07-23T16:14:29+08:00,e35a88134f29,efb7c329b70a2eef008c0ebf8d8e06b17385beb1d69fc2e0abc686713787fee9,connected,0,_local_runtime/最新直播全量解析_latest_live_full_analysis/full_20260723_155512/latest_live_05/api_raw/latest_live_05_vision_0006_qwen-vl-plus.json,hash_and_redacted_ref_only_raw_local_not_committed
latest_live_05-QW0007,latest_live_05,Alibaba DashScope,qwen-vl-plus,qwen_vl_video_window,,2026-07-23T16:14:36+08:00,2026-07-23T16:14:36+08:00,b9342b3d49e4,bbf6e1fc013a144628d87944a3793304807f4457241b7a4dc03f9a4130008191,connected,0,_local_runtime/最新直播全量解析_latest_live_full_analysis/full_20260723_155512/latest_live_05/api_raw/latest_live_05_vision_0007_qwen-vl-plus.json,hash_and_redacted_ref_only_raw_local_not_committed
latest_live_06-QW0001,latest_live_06,Alibaba DashScope,qwen-vl-plus,qwen_vl_video_window,,2026-07-23T16:16:08+08:00,2026-07-23T16:16:08+08:00,b48c280f470e,36590baa41d2cb13cf490777b12a4dc9cfc97f207ae9d13f22f36c6ece0b9242,connected,0,_local_runtime/最新直播全量解析_latest_live_full_analysis/full_20260723_155512/latest_live_06/api_raw/latest_live_06_vision_0001_qwen-vl-plus.json,hash_and_redacted_ref_only_raw_local_not_committed
latest_live_06-QW0002,latest_live_06,Alibaba DashScope,qwen-vl-plus,qwen_vl_video_window,,2026-07-23T16:16:15+08:00,2026-07-23T16:16:15+08:00,6da230282408,29f96a1cd2d5f5bbb088bd5b34c9c823155a3078637c65b859050a8e9a88db63,connected,0,_local_runtime/最新直播全量解析_latest_live_full_analysis/full_20260723_155512/latest_live_06/api_raw/latest_live_06_vision_0002_qwen-vl-plus.json,hash_and_redacted_ref_only_raw_local_not_committed
latest_live_06-QW0003,latest_live_06,Alibaba DashScope,qwen-vl-plus,qwen_vl_video_window,,2026-07-23T16:16:26+08:00,2026-07-23T16:16:26+08:00,e5d9de37dd16,5377e243f367fb2ad0a8a72dcbdc0a6c818e21dd828623a4dab27de142bbf5b8,connected,0,_local_runtime/最新直播全量解析_latest_live_full_analysis/full_20260723_155512/latest_live_06/api_raw/latest_live_06_vision_0003_qwen-vl-plus.json,hash_and_redacted_ref_only_raw_local_not_committed
latest_live_06-QW0004,latest_live_06,Alibaba DashScope,qwen3-vl-plus,qwen_vl_video_window,,2026-07-23T16:16:48+08:00,2026-07-23T16:16:48+08:00,311dfcb0f6fb,f6cbc54c685ab0fbef7b582dab7eb6f49f6fe761cf0fa7b5495fee683edb09d9,connected,0,_local_runtime/最新直播全量解析_latest_live_full_analysis/full_20260723_155512/latest_live_06/api_raw/latest_live_06_vision_0004_qwen3-vl-plus.json,hash_and_redacted_ref_only_raw_local_not_committed
latest_live_06-QW0005,latest_live_06,Alibaba DashScope,qwen-vl-max,qwen_vl_video_window,,2026-07-23T16:17:14+08:00,2026-07-23T16:17:14+08:00,f3ec4dd75332,0c3551260916ec42c9d0ff3f054a1ef8aecb2fd6bf212d9f817ade20c37f694d,connected,0,_local_runtime/最新直播全量解析_latest_live_full_analysis/full_20260723_155512/latest_live_06/api_raw/latest_live_06_vision_0005_qwen-vl-max.json,hash_and_redacted_ref_only_raw_local_not_committed
latest_live_06-QW0006,latest_live_06,Alibaba DashScope,qwen-vl-plus,qwen_vl_video_window,,2026-07-23T16:17:20+08:00,2026-07-23T16:17:20+08:00,95601743b6e7,694ce8dde0a11fcf7f0c46a54ec58eeb42ba86ab2f34e1960c872a2aeabecf16,connected,0,_local_runtime/最新直播全量解析_latest_live_full_analysis/full_20260723_155512/latest_live_06/api_raw/latest_live_06_vision_0006_qwen-vl-plus.json,hash_and_redacted_ref_only_raw_local_not_committed
latest_live_06-QW0007,latest_live_06,Alibaba DashScope,qwen-vl-plus,qwen_vl_video_window,,2026-07-23T16:17:27+08:00,2026-07-23T16:17:27+08:00,89de126c9e32,f1f153c31544f0470644e48d8fcfffca00e26f5c0344ccb9ea8a5abdd95fe060,connected,0,_local_runtime/最新直播全量解析_latest_live_full_analysis/full_20260723_155512/latest_live_06/api_raw/latest_live_06_vision_0007_qwen-vl-plus.json,hash_and_redacted_ref_only_raw_local_not_committed
latest_live_06-QW0008,latest_live_06,Alibaba DashScope,qwen-vl-plus,qwen_vl_video_window,,2026-07-23T16:17:33+08:00,2026-07-23T16:17:33+08:00,f64dd95917f2,8fdcba7d131e640c5ae66b29b23165697a53780c7e2d1ba27ec3f96d6f7a9b89,connected,0,_local_runtime/最新直播全量解析_latest_live_full_analysis/full_20260723_155512/latest_live_06/api_raw/latest_live_06_vision_0008_qwen-vl-plus.json,hash_and_redacted_ref_only_raw_local_not_committed
latest_live_06-QW0009,latest_live_06,Alibaba DashScope,qwen-vl-plus,qwen_vl_video_window,,2026-07-23T16:17:44+08:00,2026-07-23T16:17:44+08:00,fa1099702f03,faf2cf3c7360cac27c988f9f516417e706a21fcca8d5a7538974f1fdfea6b732,connected,0,_local_runtime/最新直播全量解析_latest_live_full_analysis/full_20260723_155512/latest_live_06/api_raw/latest_live_06_vision_0009_qwen-vl-plus.json,hash_and_redacted_ref_only_raw_local_not_committed
latest_live_06-QW0010,latest_live_06,Alibaba DashScope,qwen-vl-plus,qwen_vl_video_window,,2026-07-23T16:17:50+08:00,2026-07-23T16:17:50+08:00,b3ad9fcb0f43,086275e022767ff06f9c998dc897caf9c96311228f6940a4ebe0dd8bddd55935,connected,0,_local_runtime/最新直播全量解析_latest_live_full_analysis/full_20260723_155512/latest_live_06/api_raw/latest_live_06_vision_0010_qwen-vl-plus.json,hash_and_redacted_ref_only_raw_local_not_committed
latest_live_06-QW0011,latest_live_06,Alibaba DashScope,qwen-vl-plus,qwen_vl_video_window,,2026-07-23T16:17:57+08:00,2026-07-23T16:17:57+08:00,056f6bcf4c41,17b001f39196fcd7a49e3b9169f35470f80e1007ea18dba40b7fc660ed26b281,connected,0,_local_runtime/最新直播全量解析_latest_live_full_analysis/full_20260723_155512/latest_live_06/api_raw/latest_live_06_vision_0011_qwen-vl-plus.json,hash_and_redacted_ref_only_raw_local_not_committed
latest_live_06-QW0012,latest_live_06,Alibaba DashScope,qwen-vl-plus,qwen_vl_video_window,,2026-07-23T16:18:04+08:00,2026-07-23T16:18:04+08:00,713f35cbc334,222c4323880fa8137bb8033edc1f878f17028b4b8f8fa7d4edc1a0c2b51619f4,connected,0,_local_runtime/最新直播全量解析_latest_live_full_analysis/full_20260723_155512/latest_live_06/api_raw/latest_live_06_vision_0012_qwen-vl-plus.json,hash_and_redacted_ref_only_raw_local_not_committed
latest_live_07-QW0001,latest_live_07,Alibaba DashScope,qwen-vl-plus,qwen_vl_video_window,,2026-07-23T16:19:47+08:00,2026-07-23T16:19:47+08:00,213563f4d202,2a31b8a989b5f28057e0ae4e0f3829cc8f8fb1199970cf6be5f25312e29e2102,connected,0,_local_runtime/最新直播全量解析_latest_live_full_analysis/full_20260723_155512/latest_live_07/api_raw/latest_live_07_vision_0001_qwen-vl-plus.json,hash_and_redacted_ref_only_raw_local_not_committed
latest_live_07-QW0002,latest_live_07,Alibaba DashScope,qwen-vl-plus,qwen_vl_video_window,,2026-07-23T16:19:52+08:00,2026-07-23T16:19:52+08:00,ee0d9eaa3b0a,f0e4ebf87712dce7e69c60972f85726cda22c9498eb969226dd5e5decfd63f5f,connected,0,_local_runtime/最新直播全量解析_latest_live_full_analysis/full_20260723_155512/latest_live_07/api_raw/latest_live_07_vision_0002_qwen-vl-plus.json,hash_and_redacted_ref_only_raw_local_not_committed
latest_live_07-QW0003,latest_live_07,Alibaba DashScope,qwen-vl-plus,qwen_vl_video_window,,2026-07-23T16:19:59+08:00,2026-07-23T16:19:59+08:00,a1267451c63a,ae63c3db1ee444ef15e7ba9ef32d87a667a7bda3ed04fbdfeba1f9b6f1200eca,connected,0,_local_runtime/最新直播全量解析_latest_live_full_analysis/full_20260723_155512/latest_live_07/api_raw/latest_live_07_vision_0003_qwen-vl-plus.json,hash_and_redacted_ref_only_raw_local_not_committed
latest_live_07-QW0004,latest_live_07,Alibaba DashScope,qwen-vl-plus,qwen_vl_video_window,,2026-07-23T16:20:04+08:00,2026-07-23T16:20:04+08:00,b25705d320ae,41d306ee61dbea3c10b4449c29fff5978212528628b4ef93398bc57900869121,connected,0,_local_runtime/最新直播全量解析_latest_live_full_analysis/full_20260723_155512/latest_live_07/api_raw/latest_live_07_vision_0004_qwen-vl-plus.json,hash_and_redacted_ref_only_raw_local_not_committed
latest_live_07-QW0005,latest_live_07,Alibaba DashScope,qwen-vl-plus,qwen_vl_video_window,,2026-07-23T16:20:09+08:00,2026-07-23T16:20:09+08:00,4c3e0f2dcb24,959c1625e1214b7a4343fae8b9f66a8acd0e949b17c928d1d598fb502c3fb457,connected,0,_local_runtime/最新直播全量解析_latest_live_full_analysis/full_20260723_155512/latest_live_07/api_raw/latest_live_07_vision_0005_qwen-vl-plus.json,hash_and_redacted_ref_only_raw_local_not_committed
latest_live_07-QW0006,latest_live_07,Alibaba DashScope,qwen-vl-plus,qwen_vl_video_window,,2026-07-23T16:20:15+08:00,2026-07-23T16:20:15+08:00,eebf39e5f956,c984abe208252b9b9f6441d0c5d1f678c0452756125ad0adc0271f8982c2bd17,connected,0,_local_runtime/最新直播全量解析_latest_live_full_analysis/full_20260723_155512/latest_live_07/api_raw/latest_live_07_vision_0006_qwen-vl-plus.json,hash_and_redacted_ref_only_raw_local_not_committed
latest_live_07-QW0007,latest_live_07,Alibaba DashScope,qwen-vl-plus,qwen_vl_video_window,,2026-07-23T16:20:22+08:00,2026-07-23T16:20:22+08:00,4afc460eb948,6975b680457117f127f793482f1dc8f1ce57dc691293b541212c4d22720aa776,connected,0,_local_runtime/最新直播全量解析_latest_live_full_analysis/full_20260723_155512/latest_live_07/api_raw/latest_live_07_vision_0007_qwen-vl-plus.json,hash_and_redacted_ref_only_raw_local_not_committed
latest_live_07-QW0008,latest_live_07,Alibaba DashScope,qwen-vl-plus,qwen_vl_video_window,,2026-07-23T16:20:27+08:00,2026-07-23T16:20:27+08:00,c66b2e0e30d1,066b2ae21ce5f64aa491f69da6d8459d586da3bdb304dd945afd3b96042edf5e,connected,0,_local_runtime/最新直播全量解析_latest_live_full_analysis/full_20260723_155512/latest_live_07/api_raw/latest_live_07_vision_0008_qwen-vl-plus.json,hash_and_redacted_ref_only_raw_local_not_committed
latest_live_07-QW0009,latest_live_07,Alibaba DashScope,qwen-vl-max,qwen_vl_video_window,,2026-07-23T16:20:51+08:00,2026-07-23T16:20:51+08:00,2d0909e6d910,cda6307b193302c2c07b79158e50c46289a0e1c58c7afd839612a7abc521858d,connected,0,_local_runtime/最新直播全量解析_latest_live_full_analysis/full_20260723_155512/latest_live_07/api_raw/latest_live_07_vision_0009_qwen-vl-max.json,hash_and_redacted_ref_only_raw_local_not_committed
latest_live_07-QW0010,latest_live_07,Alibaba DashScope,qwen-vl-plus,qwen_vl_video_window,,2026-07-23T16:20:56+08:00,2026-07-23T16:20:56+08:00,c31aea0f612c,dbae3f74f55510a81c34ac4e5ab896d3bf9a1242bf3e198d6990fb6ed5ecafd3,connected,0,_local_runtime/最新直播全量解析_latest_live_full_analysis/full_20260723_155512/latest_live_07/api_raw/latest_live_07_vision_0010_qwen-vl-plus.json,hash_and_redacted_ref_only_raw_local_not_committed
latest_live_07-QW0011,latest_live_07,Alibaba DashScope,qwen-vl-plus,qwen_vl_video_window,,2026-07-23T16:21:02+08:00,2026-07-23T16:21:02+08:00,8e60f9ffd007,51caced1187b3a9470217a34a8b20c7bf2883357a26a4aa5a0fe75b6c34cf91c,connected,0,_local_runtime/最新直播全量解析_latest_live_full_analysis/full_20260723_155512/latest_live_07/api_raw/latest_live_07_vision_0011_qwen-vl-plus.json,hash_and_redacted_ref_only_raw_local_not_committed
latest_live_07-QW0012,latest_live_07,Alibaba DashScope,qwen-vl-plus,qwen_vl_video_window,,2026-07-23T16:21:07+08:00,2026-07-23T16:21:07+08:00,dd5f38e0ff4d,8a88ac0e29c9c25f17820b625637abcdd1e58452ccafc73e5fc59eb360a3138e,connected,0,_local_runtime/最新直播全量解析_latest_live_full_analysis/full_20260723_155512/latest_live_07/api_raw/latest_live_07_vision_0012_qwen-vl-plus.json,hash_and_redacted_ref_only_raw_local_not_committed
latest_live_07-QW0013,latest_live_07,Alibaba DashScope,qwen-vl-plus,qwen_vl_video_window,,2026-07-23T16:21:12+08:00,2026-07-23T16:21:12+08:00,10c287b516ba,cb283cf67d19912a6f53ecc5e93953eef97d77a96f17108a05c8ea3fde8c6dc4,connected,0,_local_runtime/最新直播全量解析_latest_live_full_analysis/full_20260723_155512/latest_live_07/api_raw/latest_live_07_vision_0013_qwen-vl-plus.json,hash_and_redacted_ref_only_raw_local_not_committed
latest_live_07-QW0014,latest_live_07,Alibaba DashScope,qwen-vl-plus,qwen_vl_video_window,,2026-07-23T16:21:21+08:00,2026-07-23T16:21:21+08:00,28d3d3de0c88,57f17a2849a398bae5e7622fb56808725cb315a0f3a1334d6305a9fb61ad820f,connected,0,_local_runtime/最新直播全量解析_latest_live_full_analysis/full_20260723_155512/latest_live_07/api_raw/latest_live_07_vision_0014_qwen-vl-plus.json,hash_and_redacted_ref_only_raw_local_not_committed
latest_live_07-QW0015,latest_live_07,Alibaba DashScope,qwen-vl-plus,qwen_vl_video_window,,2026-07-23T16:21:26+08:00,2026-07-23T16:21:26+08:00,cf61647defd4,143a363d509437de5c39bb44efd21d1e9500a89134cc1e0b0d36fb64154eb2e0,connected,0,_local_runtime/最新直播全量解析_latest_live_full_analysis/full_20260723_155512/latest_live_07/api_raw/latest_live_07_vision_0015_qwen-vl-plus.json,hash_and_redacted_ref_only_raw_local_not_committed
latest_live_07-QW0016,latest_live_07,Alibaba DashScope,qwen-vl-plus,qwen_vl_video_window,,2026-07-23T16:21:36+08:00,2026-07-23T16:21:36+08:00,b98541ce2bb4,408dbf853a3cc1e8d0bbb0545ca8de7946874257ab7aeb89f9faf52c18b249f9,connected,0,_local_runtime/最新直播全量解析_latest_live_full_analysis/full_20260723_155512/latest_live_07/api_raw/latest_live_07_vision_0016_qwen-vl-plus.json,hash_and_redacted_ref_only_raw_local_not_committed
latest_live_07-QW0017,latest_live_07,Alibaba DashScope,qwen-vl-plus,qwen_vl_video_window,,2026-07-23T16:21:41+08:00,2026-07-23T16:21:41+08:00,0be847ff26fb,6a0a5a249c85d10bfe6c65ad50843aebbebed7783b0ed8037bd1e80e224895af,connected,0,_local_runtime/最新直播全量解析_latest_live_full_analysis/full_20260723_155512/latest_live_07/api_raw/latest_live_07_vision_0017_qwen-vl-plus.json,hash_and_redacted_ref_only_raw_local_not_committed
latest_live_07-QW0018,latest_live_07,Alibaba DashScope,qwen-vl-plus,qwen_vl_video_window,,2026-07-23T16:21:47+08:00,2026-07-23T16:21:47+08:00,2f1f49b3d30a,4574477f5e3faa39059a333b9a875284470f39ad182d5ba0954d2b4a18b23447,connected,0,_local_runtime/最新直播全量解析_latest_live_full_analysis/full_20260723_155512/latest_live_07/api_raw/latest_live_07_vision_0018_qwen-vl-plus.json,hash_and_redacted_ref_only_raw_local_not_committed
latest_live_07-QW0019,latest_live_07,Alibaba DashScope,qwen-vl-plus,qwen_vl_video_window,,2026-07-23T16:21:51+08:00,2026-07-23T16:21:51+08:00,7c00a8625bc3,8a80b47db3f323ddf0d6f0a5f0bb23a3eafb33d304f8c1d554164b66827e8b90,connected,0,_local_runtime/最新直播全量解析_latest_live_full_analysis/full_20260723_155512/latest_live_07/api_raw/latest_live_07_vision_0019_qwen-vl-plus.json,hash_and_redacted_ref_only_raw_local_not_committed
latest_live_08-QW0001,latest_live_08,Alibaba DashScope,qwen-vl-plus,qwen_vl_video_window,,2026-07-23T16:24:23+08:00,2026-07-23T16:24:23+08:00,83f886c58579,083cce7327d3b6da130a1fe69d60b139415f40d1121cdd0431db7d215ef4f065,connected,0,_local_runtime/最新直播全量解析_latest_live_full_analysis/full_20260723_155512/latest_live_08/api_raw/latest_live_08_vision_0001_qwen-vl-plus.json,hash_and_redacted_ref_only_raw_local_not_committed
latest_live_08-QW0002,latest_live_08,Alibaba DashScope,qwen-vl-plus,qwen_vl_video_window,,2026-07-23T16:24:29+08:00,2026-07-23T16:24:29+08:00,7140782fbed6,081580d89bed3869d62f0f897e82cf508a0273be2e76a896cc5eb9aae609f078,connected,0,_local_runtime/最新直播全量解析_latest_live_full_analysis/full_20260723_155512/latest_live_08/api_raw/latest_live_08_vision_0002_qwen-vl-plus.json,hash_and_redacted_ref_only_raw_local_not_committed
latest_live_08-QW0003,latest_live_08,Alibaba DashScope,qwen-vl-plus,qwen_vl_video_window,,2026-07-23T16:24:34+08:00,2026-07-23T16:24:34+08:00,e0c72a3807d0,70a96f7fe5d52895d33efe07c67d6dd345bc020976060e8cb3c2bed6981569d0,connected,0,_local_runtime/最新直播全量解析_latest_live_full_analysis/full_20260723_155512/latest_live_08/api_raw/latest_live_08_vision_0003_qwen-vl-plus.json,hash_and_redacted_ref_only_raw_local_not_committed
latest_live_08-QW0004,latest_live_08,Alibaba DashScope,qwen-vl-plus,qwen_vl_video_window,,2026-07-23T16:24:39+08:00,2026-07-23T16:24:39+08:00,db985e9de96e,35410eccce94a11c6c72ec47aff6ebfc16e9a749936ca12484c109e1d41a82a5,connected,0,_local_runtime/最新直播全量解析_latest_live_full_analysis/full_20260723_155512/latest_live_08/api_raw/latest_live_08_vision_0004_qwen-vl-plus.json,hash_and_redacted_ref_only_raw_local_not_committed
latest_live_08-QW0005,latest_live_08,Alibaba DashScope,qwen-vl-plus,qwen_vl_video_window,,2026-07-23T16:24:44+08:00,2026-07-23T16:24:44+08:00,bec558b069b0,db063dc2a0ff3e28e35268d159761c455290aeb4f47b7fb7af36b07175ce4a67,connected,0,_local_runtime/最新直播全量解析_latest_live_full_analysis/full_20260723_155512/latest_live_08/api_raw/latest_live_08_vision_0005_qwen-vl-plus.json,hash_and_redacted_ref_only_raw_local_not_committed
latest_live_08-QW0006,latest_live_08,Alibaba DashScope,qwen-vl-plus,qwen_vl_video_window,,2026-07-23T16:24:52+08:00,2026-07-23T16:24:52+08:00,4e3311b85bfb,c618837a7103f6dcf1e5d7b599d6c6bf5b545a1e020a278378c5e474e740d6fa,connected,0,_local_runtime/最新直播全量解析_latest_live_full_analysis/full_20260723_155512/latest_live_08/api_raw/latest_live_08_vision_0006_qwen-vl-plus.json,hash_and_redacted_ref_only_raw_local_not_committed
latest_live_08-QW0007,latest_live_08,Alibaba DashScope,qwen3-vl-plus,qwen_vl_video_window,,2026-07-23T16:25:15+08:00,2026-07-23T16:25:15+08:00,c1ebd6da3c3b,4d953c8afedd729c47ef7f2eeee7adb38a099cc0f130ae2f37aafa620eecfa94,connected,0,_local_runtime/最新直播全量解析_latest_live_full_analysis/full_20260723_155512/latest_live_08/api_raw/latest_live_08_vision_0007_qwen3-vl-plus.json,hash_and_redacted_ref_only_raw_local_not_committed
latest_live_08-QW0008,latest_live_08,Alibaba DashScope,qwen-vl-plus,qwen_vl_video_window,,2026-07-23T16:25:19+08:00,2026-07-23T16:25:19+08:00,357f0ef8f888,868267ab15117aa060e9aca7d91b91ead3fde507f7923649a796f1d2c99ec085,connected,0,_local_runtime/最新直播全量解析_latest_live_full_analysis/full_20260723_155512/latest_live_08/api_raw/latest_live_08_vision_0008_qwen-vl-plus.json,hash_and_redacted_ref_only_raw_local_not_committed
latest_live_08-QW0009,latest_live_08,Alibaba DashScope,qwen-vl-plus,qwen_vl_video_window,,2026-07-23T16:25:27+08:00,2026-07-23T16:25:27+08:00,0d42c6c0b7a1,f05f6f263178e6c1d349878bf419437d33e31109e7e71d24d2a26125b0dcd734,connected,0,_local_runtime/最新直播全量解析_latest_live_full_analysis/full_20260723_155512/latest_live_08/api_raw/latest_live_08_vision_0009_qwen-vl-plus.json,hash_and_redacted_ref_only_raw_local_not_committed
latest_live_08-QW0010,latest_live_08,Alibaba DashScope,qwen-vl-plus,qwen_vl_video_window,,2026-07-23T16:25:32+08:00,2026-07-23T16:25:32+08:00,e31cbe06fcdc,5e3d6c7e44be8c2b94c0940cb8a359ac1259385f33f9553c92dbe9112cc8fac3,connected,0,_local_runtime/最新直播全量解析_latest_live_full_analysis/full_20260723_155512/latest_live_08/api_raw/latest_live_08_vision_0010_qwen-vl-plus.json,hash_and_redacted_ref_only_raw_local_not_committed
latest_live_08-QW0011,latest_live_08,Alibaba DashScope,qwen-vl-plus,qwen_vl_video_window,,2026-07-23T16:25:39+08:00,2026-07-23T16:25:39+08:00,386ee6a02b60,09eb106b45bf311bd966d7511e6b445a182ecd3fe24cbfdb1e4e2fc0c6dabd79,connected,0,_local_runtime/最新直播全量解析_latest_live_full_analysis/full_20260723_155512/latest_live_08/api_raw/latest_live_08_vision_0011_qwen-vl-plus.json,hash_and_redacted_ref_only_raw_local_not_committed
latest_live_08-QW0012,latest_live_08,Alibaba DashScope,qwen-vl-plus,qwen_vl_video_window,,2026-07-23T16:25:44+08:00,2026-07-23T16:25:44+08:00,de634e868bec,f09fdde66f8dab0c38de6f6db7e2e331dac6e2fd8613a23dd085b4dd1d864ecd,connected,0,_local_runtime/最新直播全量解析_latest_live_full_analysis/full_20260723_155512/latest_live_08/api_raw/latest_live_08_vision_0012_qwen-vl-plus.json,hash_and_redacted_ref_only_raw_local_not_committed
latest_live_08-QW0013,latest_live_08,Alibaba DashScope,qwen-vl-plus,qwen_vl_video_window,,2026-07-23T16:25:50+08:00,2026-07-23T16:25:50+08:00,b662648b4da6,ce939d881a7fcad83234086aaea1fb18a526f84ffdc8b45abcc065bd5215c3ac,connected,0,_local_runtime/最新直播全量解析_latest_live_full_analysis/full_20260723_155512/latest_live_08/api_raw/latest_live_08_vision_0013_qwen-vl-plus.json,hash_and_redacted_ref_only_raw_local_not_committed
latest_live_08-QW0014,latest_live_08,Alibaba DashScope,qwen-vl-plus,qwen_vl_video_window,,2026-07-23T16:25:55+08:00,2026-07-23T16:25:55+08:00,208ab186d0d5,8be4390bd4714b4bb596a861aa6080c4f946d3cd429bfb55580d4a6bd38173fd,connected,0,_local_runtime/最新直播全量解析_latest_live_full_analysis/full_20260723_155512/latest_live_08/api_raw/latest_live_08_vision_0014_qwen-vl-plus.json,hash_and_redacted_ref_only_raw_local_not_committed
latest_live_09-QW0001,latest_live_09,Alibaba DashScope,qwen-vl-plus,qwen_vl_video_window,,2026-07-23T16:27:51+08:00,2026-07-23T16:27:51+08:00,cc02aab217ab,e8529f3b0b6386ffc12712242ac01e15788ce7885106be69db3efa5cfee86c00,connected,0,_local_runtime/最新直播全量解析_latest_live_full_analysis/full_20260723_155512/latest_live_09/api_raw/latest_live_09_vision_0001_qwen-vl-plus.json,hash_and_redacted_ref_only_raw_local_not_committed
latest_live_09-QW0002,latest_live_09,Alibaba DashScope,qwen-vl-plus,qwen_vl_video_window,,2026-07-23T16:27:56+08:00,2026-07-23T16:27:56+08:00,794339b5d6e5,64d24e2e8ffac65be33a3a474e636f2b9046f7bc22f75e4a2fcec89f3972117b,connected,0,_local_runtime/最新直播全量解析_latest_live_full_analysis/full_20260723_155512/latest_live_09/api_raw/latest_live_09_vision_0002_qwen-vl-plus.json,hash_and_redacted_ref_only_raw_local_not_committed
latest_live_09-QW0003,latest_live_09,Alibaba DashScope,qwen-vl-plus,qwen_vl_video_window,,2026-07-23T16:28:00+08:00,2026-07-23T16:28:00+08:00,fd51bbc048ac,64ada629c264fe07ad8004de1ec28e9078c7293d2f176607ba81cbd0964394b7,connected,0,_local_runtime/最新直播全量解析_latest_live_full_analysis/full_20260723_155512/latest_live_09/api_raw/latest_live_09_vision_0003_qwen-vl-plus.json,hash_and_redacted_ref_only_raw_local_not_committed
latest_live_09-QW0004,latest_live_09,Alibaba DashScope,qwen-vl-max,qwen_vl_video_window,,2026-07-23T16:28:23+08:00,2026-07-23T16:28:23+08:00,499322e97e4a,ab6f857a519931e12f043eba8305f8d7803e77c2fb3f3da97f9ed6851fececf2,connected,0,_local_runtime/最新直播全量解析_latest_live_full_analysis/full_20260723_155512/latest_live_09/api_raw/latest_live_09_vision_0004_qwen-vl-max.json,hash_and_redacted_ref_only_raw_local_not_committed
latest_live_09-QW0005,latest_live_09,Alibaba DashScope,qwen-vl-plus,qwen_vl_video_window,,2026-07-23T16:28:29+08:00,2026-07-23T16:28:29+08:00,7f987f0b52ae,ca3064a0f8585f85aab61fd8dc33c65eb2f31eb2ed4d9982d3da0343e72eb237,connected,0,_local_runtime/最新直播全量解析_latest_live_full_analysis/full_20260723_155512/latest_live_09/api_raw/latest_live_09_vision_0005_qwen-vl-plus.json,hash_and_redacted_ref_only_raw_local_not_committed
latest_live_09-QW0006,latest_live_09,Alibaba DashScope,qwen-vl-plus,qwen_vl_video_window,,2026-07-23T16:28:34+08:00,2026-07-23T16:28:34+08:00,344328d59f17,0822e716d0579f690a25e84d722456e439cd1521b40af5d38d45e0b16adc68df,connected,0,_local_runtime/最新直播全量解析_latest_live_full_analysis/full_20260723_155512/latest_live_09/api_raw/latest_live_09_vision_0006_qwen-vl-plus.json,hash_and_redacted_ref_only_raw_local_not_committed
latest_live_09-QW0007,latest_live_09,Alibaba DashScope,qwen3-vl-plus,qwen_vl_video_window,,2026-07-23T16:28:58+08:00,2026-07-23T16:28:58+08:00,e5a8520cbe5e,8838a3f8a767a7a32ec631b8fb208d0f3b32ccec055e922200c0f20f66695c50,connected,0,_local_runtime/最新直播全量解析_latest_live_full_analysis/full_20260723_155512/latest_live_09/api_raw/latest_live_09_vision_0007_qwen3-vl-plus.json,hash_and_redacted_ref_only_raw_local_not_committed
latest_live_09-QW0008,latest_live_09,Alibaba DashScope,qwen3-vl-plus,qwen_vl_video_window,,2026-07-23T16:29:32+08:00,2026-07-23T16:29:32+08:00,966543a5d4d7,9c0f58d0cba1fbf11db7b9280c4fe8efc095befcdd9cf6a341f921bc946b7c0e,connected,0,_local_runtime/最新直播全量解析_latest_live_full_analysis/full_20260723_155512/latest_live_09/api_raw/latest_live_09_vision_0008_qwen3-vl-plus.json,hash_and_redacted_ref_only_raw_local_not_committed
latest_live_10-QW0001,latest_live_10,Alibaba DashScope,qwen-vl-plus,qwen_vl_video_window,,2026-07-23T16:30:49+08:00,2026-07-23T16:30:49+08:00,db433e9494bf,f4240e0ca42bac6849f9d048fdb6fcf59310c65e713bde0ebb23466b565f06aa,connected,0,_local_runtime/最新直播全量解析_latest_live_full_analysis/full_20260723_155512/latest_live_10/api_raw/latest_live_10_vision_0001_qwen-vl-plus.json,hash_and_redacted_ref_only_raw_local_not_committed
latest_live_10-QW0002,latest_live_10,Alibaba DashScope,qwen-vl-plus,qwen_vl_video_window,,2026-07-23T16:30:54+08:00,2026-07-23T16:30:54+08:00,08a9e9e4015a,8a4962ceb4629ec8957665fbf8a030aca35f9034158d3b7e099748f771fa74c1,connected,0,_local_runtime/最新直播全量解析_latest_live_full_analysis/full_20260723_155512/latest_live_10/api_raw/latest_live_10_vision_0002_qwen-vl-plus.json,hash_and_redacted_ref_only_raw_local_not_committed
latest_live_10-QW0003,latest_live_10,Alibaba DashScope,qwen-vl-max,qwen_vl_video_window,,2026-07-23T16:31:20+08:00,2026-07-23T16:31:20+08:00,7924ae879e1e,1f623a78bc3f5ee33b983987e97efa3742d286ba543d9ca6b3ba52f4315f16e3,connected,0,_local_runtime/最新直播全量解析_latest_live_full_analysis/full_20260723_155512/latest_live_10/api_raw/latest_live_10_vision_0003_qwen-vl-max.json,hash_and_redacted_ref_only_raw_local_not_committed
latest_live_10-QW0004,latest_live_10,Alibaba DashScope,qwen-vl-plus,qwen_vl_video_window,,2026-07-23T16:31:26+08:00,2026-07-23T16:31:26+08:00,27c01aee6b95,8f3072127610f2cee94c924be0bd3f475fc2f4655fcf832168d11ba972a71afb,connected,0,_local_runtime/最新直播全量解析_latest_live_full_analysis/full_20260723_155512/latest_live_10/api_raw/latest_live_10_vision_0004_qwen-vl-plus.json,hash_and_redacted_ref_only_raw_local_not_committed
latest_live_10-QW0005,latest_live_10,Alibaba DashScope,qwen-vl-plus,qwen_vl_video_window,,2026-07-23T16:31:30+08:00,2026-07-23T16:31:30+08:00,b4322348f983,d55a627c7e00d1ded84d4e3e9b3405225007cb008d8415c979a4b4179370f6e7,connected,0,_local_runtime/最新直播全量解析_latest_live_full_analysis/full_20260723_155512/latest_live_10/api_raw/latest_live_10_vision_0005_qwen-vl-plus.json,hash_and_redacted_ref_only_raw_local_not_committed
latest_live_10-QW0006,latest_live_10,Alibaba DashScope,qwen-vl-plus,qwen_vl_video_window,,2026-07-23T16:31:37+08:00,2026-07-23T16:31:37+08:00,70b54feb1df9,7984d0bd7b4e5a8dc61d20c94bd1021aa92fcdc92caf81453bb55c7f1945b061,connected,0,_local_runtime/最新直播全量解析_latest_live_full_analysis/full_20260723_155512/latest_live_10/api_raw/latest_live_10_vision_0006_qwen-vl-plus.json,hash_and_redacted_ref_only_raw_local_not_committed
latest_live_10-QW0007,latest_live_10,Alibaba DashScope,qwen-vl-plus,qwen_vl_video_window,,2026-07-23T16:31:42+08:00,2026-07-23T16:31:42+08:00,0ecffb253223,1771f29ccc1a94a0fb532b2889f89ef35c2d4a34b746fc2f174019dcb4f8364b,connected,0,_local_runtime/最新直播全量解析_latest_live_full_analysis/full_20260723_155512/latest_live_10/api_raw/latest_live_10_vision_0007_qwen-vl-plus.json,hash_and_redacted_ref_only_raw_local_not_committed
latest_live_10-QW0008,latest_live_10,Alibaba DashScope,qwen-vl-plus,qwen_vl_video_window,,2026-07-23T16:31:50+08:00,2026-07-23T16:31:50+08:00,f3f2d28f9467,71c68744366e516e662e5193d1625c28ea2866aafa93a2358d2d77eaa4818bc9,connected,0,_local_runtime/最新直播全量解析_latest_live_full_analysis/full_20260723_155512/latest_live_10/api_raw/latest_live_10_vision_0008_qwen-vl-plus.json,hash_and_redacted_ref_only_raw_local_not_committed
latest_live_10-QW0009,latest_live_10,Alibaba DashScope,qwen-vl-plus,qwen_vl_video_window,,2026-07-23T16:31:55+08:00,2026-07-23T16:31:55+08:00,b5c5b21722ea,badd57a08db0c08feec0244e24ec57db121830f43fe3bb555bfdf2941905e087,connected,0,_local_runtime/最新直播全量解析_latest_live_full_analysis/full_20260723_155512/latest_live_10/api_raw/latest_live_10_vision_0009_qwen-vl-plus.json,hash_and_redacted_ref_only_raw_local_not_committed
latest_live_10-QW0010,latest_live_10,Alibaba DashScope,qwen3-vl-plus,qwen_vl_video_window,,2026-07-23T16:32:19+08:00,2026-07-23T16:32:19+08:00,dcf134fc380c,7e1b2f49fe546d87f0936dcc5a01327a25db82cab25dc63efd897be9648d60fb,connected,0,_local_runtime/最新直播全量解析_latest_live_full_analysis/full_20260723_155512/latest_live_10/api_raw/latest_live_10_vision_0010_qwen3-vl-plus.json,hash_and_redacted_ref_only_raw_local_not_committed
latest_live_10-QW0011,latest_live_10,Alibaba DashScope,qwen-vl-plus,qwen_vl_video_window,,2026-07-23T16:32:24+08:00,2026-07-23T16:32:24+08:00,5a47cfeddb30,ed634c1ca98434fb0bf6a941df9d5ce8782de08ab6c4ec39f595b21a20495f21,connected,0,_local_runtime/最新直播全量解析_latest_live_full_analysis/full_20260723_155512/latest_live_10/api_raw/latest_live_10_vision_0011_qwen-vl-plus.json,hash_and_redacted_ref_only_raw_local_not_committed
latest_live_10-QW0012,latest_live_10,Alibaba DashScope,qwen-vl-plus,qwen_vl_video_window,,2026-07-23T16:32:29+08:00,2026-07-23T16:32:29+08:00,ad35edcb732a,4d99f5fdb0c364000655c235a8d44ea11e02420b61ca16a27c994e865be1cd32,connected,0,_local_runtime/最新直播全量解析_latest_live_full_analysis/full_20260723_155512/latest_live_10/api_raw/latest_live_10_vision_0012_qwen-vl-plus.json,hash_and_redacted_ref_only_raw_local_not_committed
latest_live_10-QW0013,latest_live_10,Alibaba DashScope,qwen-vl-plus,qwen_vl_video_window,,2026-07-23T16:32:37+08:00,2026-07-23T16:32:37+08:00,25c923005cdb,7f05c8e4789705712a5150036436a6227750e781a038db87754980e7dbdf7ccb,connected,0,_local_runtime/最新直播全量解析_latest_live_full_analysis/full_20260723_155512/latest_live_10/api_raw/latest_live_10_vision_0013_qwen-vl-plus.json,hash_and_redacted_ref_only_raw_local_not_committed
latest_live_10-QW0014,latest_live_10,Alibaba DashScope,qwen-vl-plus,qwen_vl_video_window,,2026-07-23T16:32:42+08:00,2026-07-23T16:32:42+08:00,657b9d5d8e93,a7a958472e2bcb6c6431febb18e6722b3528c70b831712693808a2687e5ac351,connected,0,_local_runtime/最新直播全量解析_latest_live_full_analysis/full_20260723_155512/latest_live_10/api_raw/latest_live_10_vision_0014_qwen-vl-plus.json,hash_and_redacted_ref_only_raw_local_not_committed
latest_live_10-QW0015,latest_live_10,Alibaba DashScope,qwen3-vl-plus,qwen_vl_video_window,,2026-07-23T16:33:09+08:00,2026-07-23T16:33:09+08:00,1761bcc6e4e4,b5e99cebe3786c50151b545734ca5649698453677e449427cdc7bf53bd74ac3f,connected,0,_local_runtime/最新直播全量解析_latest_live_full_analysis/full_20260723_155512/latest_live_10/api_raw/latest_live_10_vision_0015_qwen3-vl-plus.json,hash_and_redacted_ref_only_raw_local_not_committed
latest_live_10-QW0016,latest_live_10,Alibaba DashScope,qwen-vl-plus,qwen_vl_video_window,,2026-07-23T16:33:18+08:00,2026-07-23T16:33:18+08:00,80139dcacfa5,89795afccd23bf8f0bc0e56b321467ba3a0517588841064f0562a6b1ee749b4e,connected,0,_local_runtime/最新直播全量解析_latest_live_full_analysis/full_20260723_155512/latest_live_10/api_raw/latest_live_10_vision_0016_qwen-vl-plus.json,hash_and_redacted_ref_only_raw_local_not_committed
latest_live_10-QW0017,latest_live_10,Alibaba DashScope,qwen-vl-plus,qwen_vl_video_window,,2026-07-23T16:33:23+08:00,2026-07-23T16:33:23+08:00,233df584378f,00bde419bec1dd6c766e25c78a3397657f4b8e490065cd64594ae6d77f943e23,connected,0,_local_runtime/最新直播全量解析_latest_live_full_analysis/full_20260723_155512/latest_live_10/api_raw/latest_live_10_vision_0017_qwen-vl-plus.json,hash_and_redacted_ref_only_raw_local_not_committed
latest_live_10-QW0018,latest_live_10,Alibaba DashScope,qwen-vl-plus,qwen_vl_video_window,,2026-07-23T16:33:29+08:00,2026-07-23T16:33:29+08:00,d690ab4c9b5d,f20935ecf40691ce605094796e9727903857cd0819b481a39edc359ba2ac0a3b,connected,0,_local_runtime/最新直播全量解析_latest_live_full_analysis/full_20260723_155512/latest_live_10/api_raw/latest_live_10_vision_0018_qwen-vl-plus.json,hash_and_redacted_ref_only_raw_local_not_committed
latest_live_10-QW0019,latest_live_10,Alibaba DashScope,qwen-vl-plus,qwen_vl_video_window,,2026-07-23T16:33:34+08:00,2026-07-23T16:33:34+08:00,c2cec0ac1da9,8e67d727c30e02436b9b1c3cad3f0b0f86ebc27336cf015f3e4514c190ed12ca,connected,0,_local_runtime/最新直播全量解析_latest_live_full_analysis/full_20260723_155512/latest_live_10/api_raw/latest_live_10_vision_0019_qwen-vl-plus.json,hash_and_redacted_ref_only_raw_local_not_committed
latest_live_10-QW0020,latest_live_10,Alibaba DashScope,qwen-vl-plus,qwen_vl_video_window,,2026-07-23T16:33:40+08:00,2026-07-23T16:33:40+08:00,10f7837e07c8,be8d92f98ed82add50e53692e3d55899ffaa857fea0e2b2115dd65191cb32f4f,connected,0,_local_runtime/最新直播全量解析_latest_live_full_analysis/full_20260723_155512/latest_live_10/api_raw/latest_live_10_vision_0020_qwen-vl-plus.json,hash_and_redacted_ref_only_raw_local_not_committed
latest_live_10-QW0021,latest_live_10,Alibaba DashScope,qwen-vl-plus,qwen_vl_video_window,,2026-07-23T16:33:48+08:00,2026-07-23T16:33:48+08:00,2f54f02fca53,e08e99db815ecb786e534bd0a9dc6061a0fd1af4fc018d4fd319d3330e36933e,connected,0,_local_runtime/最新直播全量解析_latest_live_full_analysis/full_20260723_155512/latest_live_10/api_raw/latest_live_10_vision_0021_qwen-vl-plus.json,hash_and_redacted_ref_only_raw_local_not_committed
latest_live_10-QW0022,latest_live_10,Alibaba DashScope,qwen-vl-plus,qwen_vl_video_window,,2026-07-23T16:33:51+08:00,2026-07-23T16:33:51+08:00,54e7c237b43a,72ef1cbbde06e7e45154f72929dec6341b5a1f78d8838051cb82e2aecdae7110,connected,0,_local_runtime/最新直播全量解析_latest_live_full_analysis/full_20260723_155512/latest_live_10/api_raw/latest_live_10_vision_0022_qwen-vl-plus.json,hash_and_redacted_ref_only_raw_local_not_committed
