rule_id,session_id,trigger_type,trigger_evidence_ids,source_event_ids,source_comment_ids,trigger_pattern,audience_state_candidate,decision_goal_candidate,response_strategy_candidate,course_basis,avatar_action_basis,prosody_basis,risk_level_candidate,human_takeover_required,fallback_route,completion_status
RULE-00001,latest_live_01,comment_reply_arbitration,latest_live_01-RL00001,latest_live_01-SEM0122-000002827040,latest_live_01-COM00001,insufficient_source_evidence,comment_visible_or_topic_context,answer_only_when_evidence_supports_or_handover,topic_related_answer_with_manual_takeover_on_low_confidence,no_direct_course_quote_use_generic_safe_course_context,手持粉色球，随后用手指向上指,normal_volume,medium,true,manual_takeover,passed
RULE-00002,latest_live_01,comment_reply_arbitration,latest_live_01-RL00002,latest_live_01-SEM0222-000005528520,latest_live_01-COM00002,insufficient_source_evidence,comment_visible_or_topic_context,answer_only_when_evidence_supports_or_handover,topic_related_answer_with_manual_takeover_on_low_confidence,no_direct_course_quote_use_generic_safe_course_context,holding and gesturing with a booklet,normal_volume,medium,true,manual_takeover,passed
RULE-00003,latest_live_01,comment_reply_arbitration,latest_live_01-RL00003,latest_live_01-SEM0164-000003977490,latest_live_01-COM00003,insufficient_source_evidence,comment_visible_or_topic_context,answer_only_when_evidence_supports_or_handover,topic_related_answer_with_manual_takeover_on_low_confidence,no_direct_course_quote_use_generic_safe_course_context,讲解、手势演示,normal_volume,medium,true,manual_takeover,passed
RULE-00004,latest_live_01,comment_reply_arbitration,latest_live_01-RL00004,latest_live_01-SEM0199-000004880690,latest_live_01-COM00004,topic_related_not_causal,comment_visible_or_topic_context,answer_only_when_evidence_supports_or_handover,topic_related_answer_with_manual_takeover_on_low_confidence,no_direct_course_quote_use_generic_safe_course_context,demonstrating pelvic floor exercises with a pink ball,normal_volume,low,false,safe_generic_response,passed
RULE-00005,latest_live_01,comment_reply_arbitration,latest_live_01-RL00005,latest_live_01-SEM0027-000000677380,latest_live_01-COM00005,insufficient_source_evidence,comment_visible_or_topic_context,answer_only_when_evidence_supports_or_handover,topic_related_answer_with_manual_takeover_on_low_confidence,no_direct_course_quote_use_generic_safe_course_context,speaking and gesturing,normal_volume,medium,true,manual_takeover,passed
RULE-00006,latest_live_01,comment_reply_arbitration,latest_live_01-RL00006,latest_live_01-SEM0145-000003517870,latest_live_01-COM00006,insufficient_source_evidence,comment_visible_or_topic_context,answer_only_when_evidence_supports_or_handover,topic_related_answer_with_manual_takeover_on_low_confidence,no_direct_course_quote_use_generic_safe_course_context,坐着进行健身动作指导，伴随手势,normal_volume,medium,true,manual_takeover,passed
RULE-00007,latest_live_01,comment_reply_arbitration,latest_live_01-RL00007,latest_live_01-SEM0140-000003252220,latest_live_01-COM00007,insufficient_source_evidence,comment_visible_or_topic_context,answer_only_when_evidence_supports_or_handover,topic_related_answer_with_manual_takeover_on_low_confidence,no_direct_course_quote_use_generic_safe_course_context,standing_instructor_position,normal_volume,medium,true,manual_takeover,passed
RULE-00008,latest_live_01,comment_reply_arbitration,latest_live_01-RL00008,latest_live_01-SEM0110-000002588840,latest_live_01-COM00008,insufficient_source_evidence,comment_visible_or_topic_context,answer_only_when_evidence_supports_or_handover,topic_related_answer_with_manual_takeover_on_low_confidence,no_direct_course_quote_use_generic_safe_course_context,主播手持粉色按摩球，进行讲解和演示。,normal_volume,medium,true,manual_takeover,passed
RULE-00009,latest_live_01,comment_reply_arbitration,latest_live_01-RL00009,latest_live_01-SEM0113-000002648220,latest_live_01-COM00009,insufficient_source_evidence,comment_visible_or_topic_context,answer_only_when_evidence_supports_or_handover,topic_related_answer_with_manual_takeover_on_low_confidence,no_direct_course_quote_use_generic_safe_course_context,手持粉色健身球，演示握持与轻压动作；期间将球置于膝上，双手交替轻拍球面；最后双手合拢于胸前做总结手势,normal_volume,medium,true,manual_takeover,passed
RULE-00010,latest_live_01,comment_reply_arbitration,latest_live_01-RL00010,latest_live_01-SEM0110-000002588840,latest_live_01-COM00010,topic_related_not_causal,comment_visible_or_topic_context,answer_only_when_evidence_supports_or_handover,topic_related_answer_with_manual_takeover_on_low_confidence,no_direct_course_quote_use_generic_safe_course_context,主播手持粉色按摩球，进行讲解和演示。,normal_volume,low,false,safe_generic_response,passed
RULE-00011,latest_live_01,comment_reply_arbitration,latest_live_01-RL00011,latest_live_01-SEM0113-000002648220,latest_live_01-COM00011,topic_related_not_causal,comment_visible_or_topic_context,answer_only_when_evidence_supports_or_handover,topic_related_answer_with_manual_takeover_on_low_confidence,no_direct_course_quote_use_generic_safe_course_context,手持粉色健身球，演示握持与轻压动作；期间将球置于膝上，双手交替轻拍球面；最后双手合拢于胸前做总结手势,normal_volume,low,false,safe_generic_response,passed
RULE-00012,latest_live_01,comment_reply_arbitration,latest_live_01-RL00012,latest_live_01-SEM0199-000004880690,latest_live_01-COM00012,topic_related_not_causal,comment_visible_or_topic_context,answer_only_when_evidence_supports_or_handover,topic_related_answer_with_manual_takeover_on_low_confidence,no_direct_course_quote_use_generic_safe_course_context,demonstrating pelvic floor exercises with a pink ball,normal_volume,low,false,safe_generic_response,passed
RULE-00013,latest_live_01,comment_reply_arbitration,latest_live_01-RL00013,latest_live_01-SEM0199-000004880690,latest_live_01-COM00013,insufficient_source_evidence,comment_visible_or_topic_context,answer_only_when_evidence_supports_or_handover,topic_related_answer_with_manual_takeover_on_low_confidence,no_direct_course_quote_use_generic_safe_course_context,demonstrating pelvic floor exercises with a pink ball,normal_volume,medium,true,manual_takeover,passed
RULE-00014,latest_live_01,comment_reply_arbitration,latest_live_01-RL00014,latest_live_01-SEM0188-000004628340,latest_live_01-COM00014,topic_related_not_causal,comment_visible_or_topic_context,answer_only_when_evidence_supports_or_handover,topic_related_answer_with_manual_takeover_on_low_confidence,no_direct_course_quote_use_generic_safe_course_context,gesturing with hands,normal_volume,low,false,safe_generic_response,passed
RULE-00015,latest_live_01,comment_reply_arbitration,latest_live_01-RL00015,latest_live_01-SEM0186-000004569860,latest_live_01-COM00015,insufficient_source_evidence,comment_visible_or_topic_context,answer_only_when_evidence_supports_or_handover,topic_related_answer_with_manual_takeover_on_low_confidence,no_direct_course_quote_use_generic_safe_course_context,主播手持粉色瑜伽球，进行讲解和演示。,normal_volume,medium,true,manual_takeover,passed
RULE-00016,latest_live_01,comment_reply_arbitration,latest_live_01-RL00016,latest_live_01-SEM0182-000004477210,latest_live_01-COM00016,topic_related_not_causal,comment_visible_or_topic_context,answer_only_when_evidence_supports_or_handover,topic_related_answer_with_manual_takeover_on_low_confidence,no_direct_course_quote_use_generic_safe_course_context,坐着进行盆底肌锻炼动作演示,normal_volume,low,false,safe_generic_response,passed
RULE-00017,latest_live_01,comment_reply_arbitration,latest_live_01-RL00017,latest_live_01-SEM0190-000004689940,latest_live_01-COM00017,insufficient_source_evidence,comment_visible_or_topic_context,answer_only_when_evidence_supports_or_handover,topic_related_answer_with_manual_takeover_on_low_confidence,no_direct_course_quote_use_generic_safe_course_context,holding and manipulating a pink balloon-like object,normal_volume,medium,true,manual_takeover,passed
RULE-00018,latest_live_01,comment_reply_arbitration,latest_live_01-RL00018,latest_live_01-SEM0213-000005305510,latest_live_01-COM00018,insufficient_source_evidence,comment_visible_or_topic_context,answer_only_when_evidence_supports_or_handover,topic_related_answer_with_manual_takeover_on_low_confidence,no_direct_course_quote_use_generic_safe_course_context,手持粉色气球，用另一只手做手势讲解,normal_volume,medium,true,manual_takeover,passed
RULE-00019,latest_live_01,comment_reply_arbitration,latest_live_01-RL00019,latest_live_01-SEM0212-000005258220,latest_live_01-COM00019,insufficient_source_evidence,comment_visible_or_topic_context,answer_only_when_evidence_supports_or_handover,topic_related_answer_with_manual_takeover_on_low_confidence,no_direct_course_quote_use_generic_safe_course_context,手持粉色气球，用另一只手做手势讲解,normal_volume,medium,true,manual_takeover,passed
RULE-00020,latest_live_01,comment_reply_arbitration,latest_live_01-RL00020,latest_live_01-SEM0215-000005359260,latest_live_01-COM00020,insufficient_source_evidence,comment_visible_or_topic_context,answer_only_when_evidence_supports_or_handover,topic_related_answer_with_manual_takeover_on_low_confidence,no_direct_course_quote_use_generic_safe_course_context,手持粉色球体，用手指点向观众方向进行讲解。,normal_volume,medium,true,manual_takeover,passed
RULE-00021,latest_live_01,comment_reply_arbitration,latest_live_01-RL00021,latest_live_01-SEM0155-000003793910,latest_live_01-COM00021,insufficient_source_evidence,comment_visible_or_topic_context,answer_only_when_evidence_supports_or_handover,topic_related_answer_with_manual_takeover_on_low_confidence,no_direct_course_quote_use_generic_safe_course_context,手持粉色球，进行讲解和示范动作。,normal_volume,medium,true,manual_takeover,passed
RULE-00022,latest_live_01,comment_reply_arbitration,latest_live_01-RL00022,latest_live_01-SEM0079-000001864220,latest_live_01-COM00022,insufficient_source_evidence,comment_visible_or_topic_context,answer_only_when_evidence_supports_or_handover,topic_related_answer_with_manual_takeover_on_low_confidence,no_direct_course_quote_use_generic_safe_course_context,主播在瑜伽球上进行演示，并用手指指向特定部位。,normal_volume,medium,true,manual_takeover,passed
RULE-00023,latest_live_01,comment_reply_arbitration,latest_live_01-RL00023,latest_live_01-SEM0082-000001925470,latest_live_01-COM00023,insufficient_source_evidence,comment_visible_or_topic_context,answer_only_when_evidence_supports_or_handover,topic_related_answer_with_manual_takeover_on_low_confidence,no_direct_course_quote_use_generic_safe_course_context,主播坐着，用手指指向自己，并做出手势进行讲解。,normal_volume,medium,true,manual_takeover,passed
RULE-00024,latest_live_01,comment_reply_arbitration,latest_live_01-RL00024,latest_live_01-SEM0143-000003411760,latest_live_01-COM00024,insufficient_source_evidence,comment_visible_or_topic_context,answer_only_when_evidence_supports_or_handover,topic_related_answer_with_manual_takeover_on_low_confidence,no_direct_course_quote_use_generic_safe_course_context,站立，用手指点腹部，调整姿势,normal_volume,medium,true,manual_takeover,passed
RULE-00025,latest_live_01,comment_reply_arbitration,latest_live_01-RL00025,latest_live_01-SEM0151-000003674180,latest_live_01-COM00025,insufficient_source_evidence,comment_visible_or_topic_context,answer_only_when_evidence_supports_or_handover,topic_related_answer_with_manual_takeover_on_low_confidence,no_direct_course_quote_use_generic_safe_course_context,主播手持一个带有红色标记的白色人体模型，同时用手指指向模型上的特定区域进行讲解。,normal_volume,medium,true,manual_takeover,passed
RULE-00026,latest_live_01,comment_reply_arbitration,latest_live_01-RL00026,latest_live_01-SEM0144-000003477970,latest_live_01-COM00026,insufficient_source_evidence,comment_visible_or_topic_context,answer_only_when_evidence_supports_or_handover,topic_related_answer_with_manual_takeover_on_low_confidence,no_direct_course_quote_use_generic_safe_course_context,坐着进行健身动作指导，伴随手势,normal_volume,medium,true,manual_takeover,passed
RULE-00027,latest_live_01,comment_reply_arbitration,latest_live_01-RL00027,latest_live_01-SEM0164-000003977490,latest_live_01-COM00027,insufficient_source_evidence,comment_visible_or_topic_context,answer_only_when_evidence_supports_or_handover,topic_related_answer_with_manual_takeover_on_low_confidence,no_direct_course_quote_use_generic_safe_course_context,讲解、手势演示,normal_volume,medium,true,manual_takeover,passed
RULE-00028,latest_live_01,comment_reply_arbitration,latest_live_01-RL00028,latest_live_01-SEM0164-000003977490,latest_live_01-COM00028,topic_related_not_causal,comment_visible_or_topic_context,answer_only_when_evidence_supports_or_handover,topic_related_answer_with_manual_takeover_on_low_confidence,no_direct_course_quote_use_generic_safe_course_context,讲解、手势演示,normal_volume,low,false,safe_generic_response,passed
RULE-00029,latest_live_01,comment_reply_arbitration,latest_live_01-RL00029,latest_live_01-SEM0110-000002588840,latest_live_01-COM00029,topic_related_not_causal,comment_visible_or_topic_context,answer_only_when_evidence_supports_or_handover,topic_related_answer_with_manual_takeover_on_low_confidence,no_direct_course_quote_use_generic_safe_course_context,主播手持粉色按摩球，进行讲解和演示。,normal_volume,low,false,safe_generic_response,passed
RULE-00030,latest_live_01,comment_reply_arbitration,latest_live_01-RL00030,latest_live_01-SEM0021-000000543670,latest_live_01-COM00030,topic_related_not_causal,comment_visible_or_topic_context,answer_only_when_evidence_supports_or_handover,topic_related_answer_with_manual_takeover_on_low_confidence,no_direct_course_quote_use_generic_safe_course_context,双手在胸前做展开-合拢手势，配合语言节奏；身体轻微前倾,normal_volume,low,false,safe_generic_response,passed
RULE-00031,latest_live_01,comment_reply_arbitration,latest_live_01-RL00031,latest_live_01-SEM0021-000000543670,latest_live_01-COM00031,insufficient_source_evidence,comment_visible_or_topic_context,answer_only_when_evidence_supports_or_handover,topic_related_answer_with_manual_takeover_on_low_confidence,no_direct_course_quote_use_generic_safe_course_context,双手在胸前做展开-合拢手势，配合语言节奏；身体轻微前倾,normal_volume,medium,true,manual_takeover,passed
RULE-00032,latest_live_01,comment_reply_arbitration,latest_live_01-RL00032,latest_live_01-SEM0021-000000543670,latest_live_01-COM00032,insufficient_source_evidence,comment_visible_or_topic_context,answer_only_when_evidence_supports_or_handover,topic_related_answer_with_manual_takeover_on_low_confidence,no_direct_course_quote_use_generic_safe_course_context,双手在胸前做展开-合拢手势，配合语言节奏；身体轻微前倾,normal_volume,medium,true,manual_takeover,passed
RULE-00033,latest_live_01,comment_reply_arbitration,latest_live_01-RL00033,latest_live_01-SEM0021-000000543670,latest_live_01-COM00033,topic_related_not_causal,comment_visible_or_topic_context,answer_only_when_evidence_supports_or_handover,topic_related_answer_with_manual_takeover_on_low_confidence,no_direct_course_quote_use_generic_safe_course_context,双手在胸前做展开-合拢手势，配合语言节奏；身体轻微前倾,normal_volume,low,false,safe_generic_response,passed
RULE-00034,latest_live_01,comment_reply_arbitration,latest_live_01-RL00034,latest_live_01-SEM0239-000005897750,latest_live_01-COM00034,topic_related_not_causal,comment_visible_or_topic_context,answer_only_when_evidence_supports_or_handover,topic_related_answer_with_manual_takeover_on_low_confidence,no_direct_course_quote_use_generic_safe_course_context,手持粉色气球，用手指点气球,normal_volume,low,false,safe_generic_response,passed
RULE-00035,latest_live_01,comment_reply_arbitration,latest_live_01-RL00035,latest_live_01-SEM0145-000003517870,latest_live_01-COM00035,insufficient_source_evidence,comment_visible_or_topic_context,answer_only_when_evidence_supports_or_handover,topic_related_answer_with_manual_takeover_on_low_confidence,no_direct_course_quote_use_generic_safe_course_context,坐着进行健身动作指导，伴随手势,normal_volume,medium,true,manual_takeover,passed
RULE-00036,latest_live_01,comment_reply_arbitration,latest_live_01-RL00036,latest_live_01-SEM0162-000003915880,latest_live_01-COM00036,insufficient_source_evidence,comment_visible_or_topic_context,answer_only_when_evidence_supports_or_handover,topic_related_answer_with_manual_takeover_on_low_confidence,no_direct_course_quote_use_generic_safe_course_context,手持瑜伽球，进行动作演示。,normal_volume,medium,true,manual_takeover,passed
RULE-00037,latest_live_01,comment_reply_arbitration,latest_live_01-RL00037,latest_live_01-SEM0194-000004773440,latest_live_01-COM00037,topic_related_not_causal,comment_visible_or_topic_context,answer_only_when_evidence_supports_or_handover,topic_related_answer_with_manual_takeover_on_low_confidence,no_direct_course_quote_use_generic_safe_course_context,holding and gesturing with a pink balloon,normal_volume,low,false,safe_generic_response,passed
RULE-00038,latest_live_01,comment_reply_arbitration,latest_live_01-RL00038,latest_live_01-SEM0073-000001741300,latest_live_01-COM00038,topic_related_not_causal,comment_visible_or_topic_context,answer_only_when_evidence_supports_or_handover,topic_related_answer_with_manual_takeover_on_low_confidence,no_direct_course_quote_use_generic_safe_course_context,手持白色骨盆模型，配合讲解做左右轻微摆动演示；后期转向左侧并继续持模型讲解,normal_volume,low,false,safe_generic_response,passed
RULE-00039,latest_live_01,comment_reply_arbitration,latest_live_01-RL00039,latest_live_01-SEM0196-000004817400,latest_live_01-COM00039,insufficient_source_evidence,comment_visible_or_topic_context,answer_only_when_evidence_supports_or_handover,topic_related_answer_with_manual_takeover_on_low_confidence,no_direct_course_quote_use_generic_safe_course_context,speaking and gesturing,normal_volume,medium,true,manual_takeover,passed
RULE-00040,latest_live_01,comment_reply_arbitration,latest_live_01-RL00040,latest_live_01-SEM0239-000005897750,latest_live_01-COM00040,topic_related_not_causal,comment_visible_or_topic_context,answer_only_when_evidence_supports_or_handover,topic_related_answer_with_manual_takeover_on_low_confidence,no_direct_course_quote_use_generic_safe_course_context,手持粉色气球，用手指点气球,normal_volume,low,false,safe_generic_response,passed
RULE-00041,latest_live_01,comment_reply_arbitration,latest_live_01-RL00041,latest_live_01-SEM0015-000000424550,latest_live_01-COM00041,insufficient_source_evidence,comment_visible_or_topic_context,answer_only_when_evidence_supports_or_handover,topic_related_answer_with_manual_takeover_on_low_confidence,no_direct_course_quote_use_generic_safe_course_context,holding_and_manipulating_a_pink_ball,normal_volume,medium,true,manual_takeover,passed
RULE-00042,latest_live_01,comment_reply_arbitration,latest_live_01-RL00042,latest_live_01-SEM0036-000000843010,latest_live_01-COM00042,topic_related_not_causal,comment_visible_or_topic_context,answer_only_when_evidence_supports_or_handover,topic_related_answer_with_manual_takeover_on_low_confidence,no_direct_course_quote_use_generic_safe_course_context,speaking_and_gesturing,normal_volume,low,false,safe_generic_response,passed
RULE-00043,latest_live_01,comment_reply_arbitration,latest_live_01-RL00043,latest_live_01-SEM0044-000001092560,latest_live_01-COM00043,insufficient_source_evidence,comment_visible_or_topic_context,answer_only_when_evidence_supports_or_handover,topic_related_answer_with_manual_takeover_on_low_confidence,no_direct_course_quote_use_generic_safe_course_context,speaking and gesturing,normal_volume,medium,true,manual_takeover,passed
RULE-00044,latest_live_01,comment_reply_arbitration,latest_live_01-RL00044,latest_live_01-SEM0155-000003793910,latest_live_01-COM00044,insufficient_source_evidence,comment_visible_or_topic_context,answer_only_when_evidence_supports_or_handover,topic_related_answer_with_manual_takeover_on_low_confidence,no_direct_course_quote_use_generic_safe_course_context,手持粉色球，进行讲解和示范动作。,normal_volume,medium,true,manual_takeover,passed
RULE-00045,latest_live_01,comment_reply_arbitration,latest_live_01-RL00045,latest_live_01-SEM0158-000003845380,latest_live_01-COM00045,insufficient_source_evidence,comment_visible_or_topic_context,answer_only_when_evidence_supports_or_handover,topic_related_answer_with_manual_takeover_on_low_confidence,no_direct_course_quote_use_generic_safe_course_context,手持粉色瑜伽球，进行动作演示。,normal_volume,medium,true,manual_takeover,passed
RULE-00046,latest_live_01,comment_reply_arbitration,latest_live_01-RL00046,latest_live_01-SEM0153-000003743910,latest_live_01-COM00046,insufficient_source_evidence,comment_visible_or_topic_context,answer_only_when_evidence_supports_or_handover,topic_related_answer_with_manual_takeover_on_low_confidence,no_direct_course_quote_use_generic_safe_course_context,手持骨盆模型并用手指指向模型相关部位进行讲解,normal_volume,medium,true,manual_takeover,passed
RULE-00047,latest_live_01,comment_reply_arbitration,latest_live_01-RL00047,latest_live_01-SEM0001-000000000160,latest_live_01-COM00047,insufficient_source_evidence,comment_visible_or_topic_context,answer_only_when_evidence_supports_or_handover,topic_related_answer_with_manual_takeover_on_low_confidence,no_direct_course_quote_use_generic_safe_course_context,站立讲解,normal_volume,medium,true,manual_takeover,passed
RULE-00048,latest_live_01,comment_reply_arbitration,latest_live_01-RL00048,latest_live_01-SEM0231-000005709060,latest_live_01-COM00048,topic_related_not_causal,comment_visible_or_topic_context,answer_only_when_evidence_supports_or_handover,topic_related_answer_with_manual_takeover_on_low_confidence,no_direct_course_quote_use_generic_safe_course_context,手持蓝色笔状物，配合讲话做手势；时而指向屏幕右侧图文区,normal_volume,low,false,safe_generic_response,passed
RULE-00049,latest_live_01,comment_reply_arbitration,latest_live_01-RL00049,latest_live_01-SEM0236-000005823910,latest_live_01-COM00049,insufficient_source_evidence,comment_visible_or_topic_context,answer_only_when_evidence_supports_or_handover,topic_related_answer_with_manual_takeover_on_low_confidence,no_direct_course_quote_use_generic_safe_course_context,holding and gesturing with a pink ball,normal_volume,medium,true,manual_takeover,passed
RULE-00050,latest_live_01,comment_reply_arbitration,latest_live_01-RL00050,latest_live_01-SEM0044-000001092560,latest_live_01-COM00050,insufficient_source_evidence,comment_visible_or_topic_context,answer_only_when_evidence_supports_or_handover,topic_related_answer_with_manual_takeover_on_low_confidence,no_direct_course_quote_use_generic_safe_course_context,speaking and gesturing,normal_volume,medium,true,manual_takeover,passed
RULE-00051,latest_live_01,comment_reply_arbitration,latest_live_01-RL00051,latest_live_01-SEM0229-000005661530,latest_live_01-COM00051,insufficient_source_evidence,comment_visible_or_topic_context,answer_only_when_evidence_supports_or_handover,topic_related_answer_with_manual_takeover_on_low_confidence,no_direct_course_quote_use_generic_safe_course_context,"speaking, gesturing with index finger raised",normal_volume,medium,true,manual_takeover,passed
RULE-00052,latest_live_01,comment_reply_arbitration,latest_live_01-RL00052,latest_live_01-SEM0229-000005661530,latest_live_01-COM00052,topic_related_not_causal,comment_visible_or_topic_context,answer_only_when_evidence_supports_or_handover,topic_related_answer_with_manual_takeover_on_low_confidence,no_direct_course_quote_use_generic_safe_course_context,"speaking, gesturing with index finger raised",normal_volume,low,false,safe_generic_response,passed
RULE-00053,latest_live_01,comment_reply_arbitration,latest_live_01-RL00053,latest_live_01-SEM0052-000001328200,latest_live_01-COM00053,topic_related_not_causal,comment_visible_or_topic_context,answer_only_when_evidence_supports_or_handover,topic_related_answer_with_manual_takeover_on_low_confidence,no_direct_course_quote_use_generic_safe_course_context,站立讲解，手势辅助说明,normal_volume,low,false,safe_generic_response,passed
RULE-00054,latest_live_01,comment_reply_arbitration,latest_live_01-RL00054,latest_live_01-SEM0222-000005528520,latest_live_01-COM00054,insufficient_source_evidence,comment_visible_or_topic_context,answer_only_when_evidence_supports_or_handover,topic_related_answer_with_manual_takeover_on_low_confidence,no_direct_course_quote_use_generic_safe_course_context,holding and gesturing with a booklet,normal_volume,medium,true,manual_takeover,passed
RULE-00055,latest_live_01,comment_reply_arbitration,latest_live_01-RL00055,latest_live_01-SEM0194-000004773440,latest_live_01-COM00055,topic_related_not_causal,comment_visible_or_topic_context,answer_only_when_evidence_supports_or_handover,topic_related_answer_with_manual_takeover_on_low_confidence,no_direct_course_quote_use_generic_safe_course_context,holding and gesturing with a pink balloon,normal_volume,low,false,safe_generic_response,passed
RULE-00056,latest_live_01,comment_reply_arbitration,latest_live_01-RL00056,latest_live_01-SEM0018-000000489450,latest_live_01-COM00056,topic_related_not_causal,comment_visible_or_topic_context,answer_only_when_evidence_supports_or_handover,topic_related_answer_with_manual_takeover_on_low_confidence,no_direct_course_quote_use_generic_safe_course_context,demonstration,normal_volume,low,false,safe_generic_response,passed
RULE-00057,latest_live_01,comment_reply_arbitration,latest_live_01-RL00057,latest_live_01-SEM0188-000004628340,latest_live_01-COM00057,topic_related_not_causal,comment_visible_or_topic_context,answer_only_when_evidence_supports_or_handover,topic_related_answer_with_manual_takeover_on_low_confidence,no_direct_course_quote_use_generic_safe_course_context,gesturing with hands,normal_volume,low,false,safe_generic_response,passed
RULE-00058,latest_live_01,comment_reply_arbitration,latest_live_01-RL00058,latest_live_01-SEM0166-000004020400,latest_live_01-COM00058,topic_related_not_causal,comment_visible_or_topic_context,answer_only_when_evidence_supports_or_handover,topic_related_answer_with_manual_takeover_on_low_confidence,no_direct_course_quote_use_generic_safe_course_context,demonstrating product usage,normal_volume,low,false,safe_generic_response,passed
RULE-00059,latest_live_01,comment_reply_arbitration,latest_live_01-RL00059,latest_live_01-SEM0168-000004098120,latest_live_01-COM00059,topic_related_not_causal,comment_visible_or_topic_context,answer_only_when_evidence_supports_or_handover,topic_related_answer_with_manual_takeover_on_low_confidence,no_direct_course_quote_use_generic_safe_course_context,手持打气筒，讲解并示范动作,normal_volume,low,false,safe_generic_response,passed
RULE-00060,latest_live_01,comment_reply_arbitration,latest_live_01-RL00060,latest_live_01-SEM0095-000002200790,latest_live_01-COM00060,insufficient_source_evidence,comment_visible_or_topic_context,answer_only_when_evidence_supports_or_handover,topic_related_answer_with_manual_takeover_on_low_confidence,no_direct_course_quote_use_generic_safe_course_context,speaking and gesturing,normal_volume,medium,true,manual_takeover,passed
RULE-00061,latest_live_01,comment_reply_arbitration,latest_live_01-RL00061,latest_live_01-SEM0008-000000244610,latest_live_01-COM00061,topic_related_not_causal,comment_visible_or_topic_context,answer_only_when_evidence_supports_or_handover,topic_related_answer_with_manual_takeover_on_low_confidence,no_direct_course_quote_use_generic_safe_course_context,双手张开后合拢，反复做手势强调；口型同步于语音内容,normal_volume,low,false,safe_generic_response,passed
RULE-00062,latest_live_01,comment_reply_arbitration,latest_live_01-RL00062,latest_live_01-SEM0059-000001463780,latest_live_01-COM00062,topic_related_not_causal,comment_visible_or_topic_context,answer_only_when_evidence_supports_or_handover,topic_related_answer_with_manual_takeover_on_low_confidence,no_direct_course_quote_use_generic_safe_course_context,手持粉色瑜伽球进行演示和讲解,normal_volume,low,false,safe_generic_response,passed
RULE-00063,latest_live_01,comment_reply_arbitration,latest_live_01-RL00063,latest_live_01-SEM0059-000001463780,latest_live_01-COM00063,insufficient_source_evidence,comment_visible_or_topic_context,answer_only_when_evidence_supports_or_handover,topic_related_answer_with_manual_takeover_on_low_confidence,no_direct_course_quote_use_generic_safe_course_context,手持粉色瑜伽球进行演示和讲解,normal_volume,medium,true,manual_takeover,passed
RULE-00064,latest_live_01,comment_reply_arbitration,latest_live_01-RL00064,latest_live_01-SEM0140-000003252220,latest_live_01-COM00064,topic_related_not_causal,comment_visible_or_topic_context,answer_only_when_evidence_supports_or_handover,topic_related_answer_with_manual_takeover_on_low_confidence,no_direct_course_quote_use_generic_safe_course_context,standing_instructor_position,normal_volume,low,false,safe_generic_response,passed
RULE-00065,latest_live_01,comment_reply_arbitration,latest_live_01-RL00065,latest_live_01-SEM0104-000002407810,latest_live_01-COM00065,insufficient_source_evidence,comment_visible_or_topic_context,answer_only_when_evidence_supports_or_handover,topic_related_answer_with_manual_takeover_on_low_confidence,no_direct_course_quote_use_generic_safe_course_context,holding a white ball and demonstrating movements,normal_volume,medium,true,manual_takeover,passed
RULE-00066,latest_live_01,comment_reply_arbitration,latest_live_01-RL00066,latest_live_01-SEM0222-000005528520,latest_live_01-COM00066,insufficient_source_evidence,comment_visible_or_topic_context,answer_only_when_evidence_supports_or_handover,topic_related_answer_with_manual_takeover_on_low_confidence,no_direct_course_quote_use_generic_safe_course_context,holding and gesturing with a booklet,normal_volume,medium,true,manual_takeover,passed
RULE-00067,latest_live_01,comment_reply_arbitration,latest_live_01-RL00067,latest_live_01-SEM0225-000005580480,latest_live_01-COM00067,insufficient_source_evidence,comment_visible_or_topic_context,answer_only_when_evidence_supports_or_handover,topic_related_answer_with_manual_takeover_on_low_confidence,no_direct_course_quote_use_generic_safe_course_context,speaking_and_gesturing,normal_volume,medium,true,manual_takeover,passed
RULE-00068,latest_live_01,comment_reply_arbitration,latest_live_01-RL00068,latest_live_01-SEM0059-000001463780,latest_live_01-COM00068,insufficient_source_evidence,comment_visible_or_topic_context,answer_only_when_evidence_supports_or_handover,topic_related_answer_with_manual_takeover_on_low_confidence,no_direct_course_quote_use_generic_safe_course_context,手持粉色瑜伽球进行演示和讲解,normal_volume,medium,true,manual_takeover,passed
RULE-00069,latest_live_01,comment_reply_arbitration,latest_live_01-RL00069,latest_live_01-SEM0089-000002049690,latest_live_01-COM00069,topic_related_not_causal,comment_visible_or_topic_context,answer_only_when_evidence_supports_or_handover,topic_related_answer_with_manual_takeover_on_low_confidence,no_direct_course_quote_use_generic_safe_course_context,"gesturing with hand, pointing finger",normal_volume,low,false,safe_generic_response,passed
RULE-00070,latest_live_01,comment_reply_arbitration,latest_live_01-RL00070,latest_live_01-SEM0215-000005359260,latest_live_01-COM00070,insufficient_source_evidence,comment_visible_or_topic_context,answer_only_when_evidence_supports_or_handover,topic_related_answer_with_manual_takeover_on_low_confidence,no_direct_course_quote_use_generic_safe_course_context,手持粉色球体，用手指点向观众方向进行讲解。,normal_volume,medium,true,manual_takeover,passed
RULE-00071,latest_live_01,comment_reply_arbitration,latest_live_01-RL00071,latest_live_01-SEM0006-000000192060,latest_live_01-COM00071,insufficient_source_evidence,comment_visible_or_topic_context,answer_only_when_evidence_supports_or_handover,topic_related_answer_with_manual_takeover_on_low_confidence,no_direct_course_quote_use_generic_safe_course_context,speaking,normal_volume,medium,true,manual_takeover,passed
RULE-00072,latest_live_01,comment_reply_arbitration,latest_live_01-RL00072,latest_live_01-SEM0202-000004928510,latest_live_01-COM00072,topic_related_not_causal,comment_visible_or_topic_context,answer_only_when_evidence_supports_or_handover,topic_related_answer_with_manual_takeover_on_low_confidence,no_direct_course_quote_use_generic_safe_course_context,手持粉色球体，讲解动作要领,normal_volume,low,false,safe_generic_response,passed
RULE-00073,latest_live_01,comment_reply_arbitration,latest_live_01-RL00073,latest_live_01-SEM0119-000002763320,latest_live_01-COM00073,insufficient_source_evidence,comment_visible_or_topic_context,answer_only_when_evidence_supports_or_handover,topic_related_answer_with_manual_takeover_on_low_confidence,no_direct_course_quote_use_generic_safe_course_context,hand_gesture,normal_volume,medium,true,manual_takeover,passed
RULE-00074,latest_live_01,comment_reply_arbitration,latest_live_01-RL00074,latest_live_01-SEM0122-000002827040,latest_live_01-COM00074,insufficient_source_evidence,comment_visible_or_topic_context,answer_only_when_evidence_supports_or_handover,topic_related_answer_with_manual_takeover_on_low_confidence,no_direct_course_quote_use_generic_safe_course_context,手持粉色球，随后用手指向上指,normal_volume,medium,true,manual_takeover,passed
RULE-00075,latest_live_01,comment_reply_arbitration,latest_live_01-RL00075,latest_live_01-SEM0010-000000322680,latest_live_01-COM00075,topic_related_not_causal,comment_visible_or_topic_context,answer_only_when_evidence_supports_or_handover,topic_related_answer_with_manual_takeover_on_low_confidence,no_direct_course_quote_use_generic_safe_course_context,speaking,normal_volume,low,false,safe_generic_response,passed
RULE-00076,latest_live_01,comment_reply_arbitration,latest_live_01-RL00076,latest_live_01-SEM0196-000004817400,latest_live_01-COM00076,insufficient_source_evidence,comment_visible_or_topic_context,answer_only_when_evidence_supports_or_handover,topic_related_answer_with_manual_takeover_on_low_confidence,no_direct_course_quote_use_generic_safe_course_context,speaking and gesturing,normal_volume,medium,true,manual_takeover,passed
RULE-00077,latest_live_01,comment_reply_arbitration,latest_live_01-RL00077,latest_live_01-SEM0132-000003002940,latest_live_01-COM00077,topic_related_not_causal,comment_visible_or_topic_context,answer_only_when_evidence_supports_or_handover,topic_related_answer_with_manual_takeover_on_low_confidence,no_direct_course_quote_use_generic_safe_course_context,speaking and gesturing,normal_volume,low,false,safe_generic_response,passed
RULE-00078,latest_live_01,comment_reply_arbitration,latest_live_01-RL00078,latest_live_01-SEM0024-000000622240,latest_live_01-COM00078,topic_related_not_causal,comment_visible_or_topic_context,answer_only_when_evidence_supports_or_handover,topic_related_answer_with_manual_takeover_on_low_confidence,no_direct_course_quote_use_generic_safe_course_context,speaking and gesturing,normal_volume,low,false,safe_generic_response,passed
RULE-00079,latest_live_01,comment_reply_arbitration,latest_live_01-RL00079,latest_live_01-SEM0092-000002104970,latest_live_01-COM00079,topic_related_not_causal,comment_visible_or_topic_context,answer_only_when_evidence_supports_or_handover,topic_related_answer_with_manual_takeover_on_low_confidence,no_direct_course_quote_use_generic_safe_course_context,speaking and gesturing,normal_volume,low,false,safe_generic_response,passed
RULE-00080,latest_live_01,comment_reply_arbitration,latest_live_01-RL00080,latest_live_01-SEM0184-000004527130,latest_live_01-COM00080,insufficient_source_evidence,comment_visible_or_topic_context,answer_only_when_evidence_supports_or_handover,topic_related_answer_with_manual_takeover_on_low_confidence,no_direct_course_quote_use_generic_safe_course_context,演示盆底肌锻炼动作,normal_volume,medium,true,manual_takeover,passed
RULE-00081,latest_live_01,comment_reply_arbitration,latest_live_01-RL00081,latest_live_01-SEM0099-000002294520,latest_live_01-COM00081,insufficient_source_evidence,comment_visible_or_topic_context,answer_only_when_evidence_supports_or_handover,topic_related_answer_with_manual_takeover_on_low_confidence,no_direct_course_quote_use_generic_safe_course_context,demonstrating pelvic floor engagement with hand gestures and upper body movement; mouth open mid-speech; eyes closed briefly then opened,high_emphasis,medium,true,manual_takeover,passed
RULE-00082,latest_live_01,comment_reply_arbitration,latest_live_01-RL00082,latest_live_01-SEM0113-000002648220,latest_live_01-COM00082,insufficient_source_evidence,comment_visible_or_topic_context,answer_only_when_evidence_supports_or_handover,topic_related_answer_with_manual_takeover_on_low_confidence,no_direct_course_quote_use_generic_safe_course_context,手持粉色健身球，演示握持与轻压动作；期间将球置于膝上，双手交替轻拍球面；最后双手合拢于胸前做总结手势,normal_volume,medium,true,manual_takeover,passed
RULE-00083,latest_live_01,comment_reply_arbitration,latest_live_01-RL00083,latest_live_01-SEM0095-000002200790,latest_live_01-COM00083,insufficient_source_evidence,comment_visible_or_topic_context,answer_only_when_evidence_supports_or_handover,topic_related_answer_with_manual_takeover_on_low_confidence,no_direct_course_quote_use_generic_safe_course_context,speaking and gesturing,normal_volume,medium,true,manual_takeover,passed
RULE-00084,latest_live_01,comment_reply_arbitration,latest_live_01-RL00084,latest_live_01-SEM0036-000000843010,latest_live_01-COM00084,insufficient_source_evidence,comment_visible_or_topic_context,answer_only_when_evidence_supports_or_handover,topic_related_answer_with_manual_takeover_on_low_confidence,no_direct_course_quote_use_generic_safe_course_context,speaking_and_gesturing,normal_volume,medium,true,manual_takeover,passed
RULE-00085,latest_live_01,comment_reply_arbitration,latest_live_01-RL00085,latest_live_01-SEM0101-000002356400,latest_live_01-COM00085,insufficient_source_evidence,comment_visible_or_topic_context,answer_only_when_evidence_supports_or_handover,topic_related_answer_with_manual_takeover_on_low_confidence,no_direct_course_quote_use_generic_safe_course_context,讲解动作要领，用手指点按演示,normal_volume,medium,true,manual_takeover,passed
RULE-00086,latest_live_01,comment_reply_arbitration,latest_live_01-RL00086,latest_live_01-SEM0029-000000726930,latest_live_01-COM00086,insufficient_source_evidence,comment_visible_or_topic_context,answer_only_when_evidence_supports_or_handover,topic_related_answer_with_manual_takeover_on_low_confidence,no_direct_course_quote_use_generic_safe_course_context,手持粉色训练球，进行讲解和示范动作,normal_volume,medium,true,manual_takeover,passed
RULE-00087,latest_live_01,comment_reply_arbitration,latest_live_01-RL00087,latest_live_01-SEM0126-000002882250,latest_live_01-COM00087,insufficient_source_evidence,comment_visible_or_topic_context,answer_only_when_evidence_supports_or_handover,topic_related_answer_with_manual_takeover_on_low_confidence,no_direct_course_quote_use_generic_safe_course_context,holding_anddemonstratinga瑜伽ball,normal_volume,medium,true,manual_takeover,passed
RULE-00088,latest_live_01,comment_reply_arbitration,latest_live_01-RL00088,latest_live_01-SEM0126-000002882250,latest_live_01-COM00088,insufficient_source_evidence,comment_visible_or_topic_context,answer_only_when_evidence_supports_or_handover,topic_related_answer_with_manual_takeover_on_low_confidence,no_direct_course_quote_use_generic_safe_course_context,holding_anddemonstratinga瑜伽ball,normal_volume,medium,true,manual_takeover,passed
RULE-00089,latest_live_01,comment_reply_arbitration,latest_live_01-RL00089,latest_live_01-SEM0134-000003079120,latest_live_01-COM00089,topic_related_not_causal,comment_visible_or_topic_context,answer_only_when_evidence_supports_or_handover,topic_related_answer_with_manual_takeover_on_low_confidence,no_direct_course_quote_use_generic_safe_course_context,讲解动作要领，双手在胸前做演示动作,normal_volume,low,false,safe_generic_response,passed
RULE-00090,latest_live_01,comment_reply_arbitration,latest_live_01-RL00090,latest_live_01-SEM0236-000005823910,latest_live_01-COM00090,topic_related_not_causal,comment_visible_or_topic_context,answer_only_when_evidence_supports_or_handover,topic_related_answer_with_manual_takeover_on_low_confidence,no_direct_course_quote_use_generic_safe_course_context,holding and gesturing with a pink ball,normal_volume,low,false,safe_generic_response,passed
RULE-00091,latest_live_01,comment_reply_arbitration,latest_live_01-RL00091,latest_live_01-SEM0172-000004209530,latest_live_01-COM00091,insufficient_source_evidence,comment_visible_or_topic_context,answer_only_when_evidence_supports_or_handover,topic_related_answer_with_manual_takeover_on_low_confidence,no_direct_course_quote_use_generic_safe_course_context,手持书籍展示,normal_volume,medium,true,manual_takeover,passed
RULE-00092,latest_live_01,comment_reply_arbitration,latest_live_01-RL00092,latest_live_01-SEM0229-000005661530,latest_live_01-COM00092,topic_related_not_causal,comment_visible_or_topic_context,answer_only_when_evidence_supports_or_handover,topic_related_answer_with_manual_takeover_on_low_confidence,no_direct_course_quote_use_generic_safe_course_context,"speaking, gesturing with index finger raised",normal_volume,low,false,safe_generic_response,passed
RULE-00093,latest_live_01,comment_reply_arbitration,latest_live_01-RL00093,latest_live_01-SEM0219-000005474260,latest_live_01-COM00093,insufficient_source_evidence,comment_visible_or_topic_context,answer_only_when_evidence_supports_or_handover,topic_related_answer_with_manual_takeover_on_low_confidence,no_direct_course_quote_use_generic_safe_course_context,手持宣传册并展示瑜伽球,normal_volume,medium,true,manual_takeover,passed
RULE-00094,latest_live_01,comment_reply_arbitration,latest_live_01-RL00094,latest_live_01-SEM0180-000004402040,latest_live_01-COM00094,topic_related_not_causal,comment_visible_or_topic_context,answer_only_when_evidence_supports_or_handover,topic_related_answer_with_manual_takeover_on_low_confidence,no_direct_course_quote_use_generic_safe_course_context,手持粉色气球进行盆底肌锻炼演示,normal_volume,low,false,safe_generic_response,passed
RULE-00095,latest_live_01,comment_reply_arbitration,latest_live_01-RL00095,latest_live_01-SEM0177-000004340770,latest_live_01-COM00095,topic_related_not_causal,comment_visible_or_topic_context,answer_only_when_evidence_supports_or_handover,topic_related_answer_with_manual_takeover_on_low_confidence,no_direct_course_quote_use_generic_safe_course_context,holding and manipulating a pink ball,normal_volume,low,false,safe_generic_response,passed
RULE-00096,latest_live_01,comment_reply_arbitration,latest_live_01-RL00096,latest_live_01-SEM0073-000001741300,latest_live_01-COM00096,insufficient_source_evidence,comment_visible_or_topic_context,answer_only_when_evidence_supports_or_handover,topic_related_answer_with_manual_takeover_on_low_confidence,no_direct_course_quote_use_generic_safe_course_context,手持白色骨盆模型，配合讲解做左右轻微摆动演示；后期转向左侧并继续持模型讲解,normal_volume,medium,true,manual_takeover,passed
RULE-00097,latest_live_01,comment_reply_arbitration,latest_live_01-RL00097,latest_live_01-SEM0155-000003793910,latest_live_01-COM00097,insufficient_source_evidence,comment_visible_or_topic_context,answer_only_when_evidence_supports_or_handover,topic_related_answer_with_manual_takeover_on_low_confidence,no_direct_course_quote_use_generic_safe_course_context,手持粉色球，进行讲解和示范动作。,normal_volume,medium,true,manual_takeover,passed
RULE-00098,latest_live_01,comment_reply_arbitration,latest_live_01-RL00098,latest_live_01-SEM0153-000003743910,latest_live_01-COM00098,topic_related_not_causal,comment_visible_or_topic_context,answer_only_when_evidence_supports_or_handover,topic_related_answer_with_manual_takeover_on_low_confidence,no_direct_course_quote_use_generic_safe_course_context,手持骨盆模型并用手指指向模型相关部位进行讲解,normal_volume,low,false,safe_generic_response,passed
RULE-00099,latest_live_01,comment_reply_arbitration,latest_live_01-RL00099,latest_live_01-SEM0153-000003743910,latest_live_01-COM00099,topic_related_not_causal,comment_visible_or_topic_context,answer_only_when_evidence_supports_or_handover,topic_related_answer_with_manual_takeover_on_low_confidence,no_direct_course_quote_use_generic_safe_course_context,手持骨盆模型并用手指指向模型相关部位进行讲解,normal_volume,low,false,safe_generic_response,passed
RULE-00100,latest_live_01,comment_reply_arbitration,latest_live_01-RL00100,latest_live_01-SEM0213-000005305510,latest_live_01-COM00100,insufficient_source_evidence,comment_visible_or_topic_context,answer_only_when_evidence_supports_or_handover,topic_related_answer_with_manual_takeover_on_low_confidence,no_direct_course_quote_use_generic_safe_course_context,手持粉色气球，用另一只手做手势讲解,normal_volume,medium,true,manual_takeover,passed
RULE-00101,latest_live_01,comment_reply_arbitration,latest_live_01-RL00101,latest_live_01-SEM0211-000005200440,latest_live_01-COM00101,insufficient_source_evidence,comment_visible_or_topic_context,answer_only_when_evidence_supports_or_handover,topic_related_answer_with_manual_takeover_on_low_confidence,no_direct_course_quote_use_generic_safe_course_context,holding_and_moving_a_balloon,normal_volume,medium,true,manual_takeover,passed
RULE-00102,latest_live_01,comment_reply_arbitration,latest_live_01-RL00102,latest_live_01-SEM0215-000005359260,latest_live_01-COM00102,insufficient_source_evidence,comment_visible_or_topic_context,answer_only_when_evidence_supports_or_handover,topic_related_answer_with_manual_takeover_on_low_confidence,no_direct_course_quote_use_generic_safe_course_context,手持粉色球体，用手指点向观众方向进行讲解。,normal_volume,medium,true,manual_takeover,passed
RULE-00103,latest_live_01,comment_reply_arbitration,latest_live_01-RL00103,latest_live_01-SEM0082-000001925470,latest_live_01-COM00103,insufficient_source_evidence,comment_visible_or_topic_context,answer_only_when_evidence_supports_or_handover,topic_related_answer_with_manual_takeover_on_low_confidence,no_direct_course_quote_use_generic_safe_course_context,主播坐着，用手指指向自己，并做出手势进行讲解。,normal_volume,medium,true,manual_takeover,passed
RULE-00104,latest_live_01,comment_reply_arbitration,latest_live_01-RL00104,latest_live_01-SEM0070-000001708090,latest_live_01-COM00104,insufficient_source_evidence,comment_visible_or_topic_context,answer_only_when_evidence_supports_or_handover,topic_related_answer_with_manual_takeover_on_low_confidence,no_direct_course_quote_use_generic_safe_course_context,指点、手势演示,normal_volume,medium,true,manual_takeover,passed
RULE-00105,latest_live_01,comment_reply_arbitration,latest_live_01-RL00105,latest_live_01-SEM0079-000001864220,latest_live_01-COM00105,insufficient_source_evidence,comment_visible_or_topic_context,answer_only_when_evidence_supports_or_handover,topic_related_answer_with_manual_takeover_on_low_confidence,no_direct_course_quote_use_generic_safe_course_context,主播在瑜伽球上进行演示，并用手指指向特定部位。,normal_volume,medium,true,manual_takeover,passed
RULE-00106,latest_live_01,comment_reply_arbitration,latest_live_01-RL00106,latest_live_01-SEM0231-000005709060,latest_live_01-COM00106,insufficient_source_evidence,comment_visible_or_topic_context,answer_only_when_evidence_supports_or_handover,topic_related_answer_with_manual_takeover_on_low_confidence,no_direct_course_quote_use_generic_safe_course_context,手持蓝色笔状物，配合讲话做手势；时而指向屏幕右侧图文区,normal_volume,medium,true,manual_takeover,passed
RULE-00107,latest_live_01,comment_reply_arbitration,latest_live_01-RL00107,latest_live_01-SEM0012-000000367650,latest_live_01-COM00107,insufficient_source_evidence,comment_visible_or_topic_context,answer_only_when_evidence_supports_or_handover,topic_related_answer_with_manual_takeover_on_low_confidence,no_direct_course_quote_use_generic_safe_course_context,speaking_and_gesturing,normal_volume,medium,true,manual_takeover,passed
RULE-00108,latest_live_01,comment_reply_arbitration,latest_live_01-RL00108,latest_live_01-SEM0225-000005580480,latest_live_01-COM00108,insufficient_source_evidence,comment_visible_or_topic_context,answer_only_when_evidence_supports_or_handover,topic_related_answer_with_manual_takeover_on_low_confidence,no_direct_course_quote_use_generic_safe_course_context,speaking_and_gesturing,normal_volume,medium,true,manual_takeover,passed
RULE-00109,latest_live_01,comment_reply_arbitration,latest_live_01-RL00109,latest_live_01-SEM0104-000002407810,latest_live_01-COM00109,insufficient_source_evidence,comment_visible_or_topic_context,answer_only_when_evidence_supports_or_handover,topic_related_answer_with_manual_takeover_on_low_confidence,no_direct_course_quote_use_generic_safe_course_context,holding a white ball and demonstrating movements,normal_volume,medium,true,manual_takeover,passed
RULE-00110,latest_live_01,comment_reply_arbitration,latest_live_01-RL00110,latest_live_01-SEM0139-000003188680,latest_live_01-COM00110,topic_related_not_causal,comment_visible_or_topic_context,answer_only_when_evidence_supports_or_handover,topic_related_answer_with_manual_takeover_on_low_confidence,no_direct_course_quote_use_generic_safe_course_context,"speaking, gesturing with hands, holding and demonstrating a pink ball (prop)",normal_volume,low,false,safe_generic_response,passed
RULE-00111,latest_live_01,comment_reply_arbitration,latest_live_01-RL00111,latest_live_01-SEM0136-000003139480,latest_live_01-COM00111,topic_related_not_causal,comment_visible_or_topic_context,answer_only_when_evidence_supports_or_handover,topic_related_answer_with_manual_takeover_on_low_confidence,no_direct_course_quote_use_generic_safe_course_context,holding_a_pink_ball_and_explaining,normal_volume,low,false,safe_generic_response,passed
RULE-00112,latest_live_01,comment_reply_arbitration,latest_live_01-RL00112,latest_live_01-SEM0145-000003517870,latest_live_01-COM00112,insufficient_source_evidence,comment_visible_or_topic_context,answer_only_when_evidence_supports_or_handover,topic_related_answer_with_manual_takeover_on_low_confidence,no_direct_course_quote_use_generic_safe_course_context,坐着进行健身动作指导，伴随手势,normal_volume,medium,true,manual_takeover,passed
RULE-00113,latest_live_01,comment_reply_arbitration,latest_live_01-RL00113,latest_live_01-SEM0174-000004268850,latest_live_01-COM00113,insufficient_source_evidence,comment_visible_or_topic_context,answer_only_when_evidence_supports_or_handover,topic_related_answer_with_manual_takeover_on_low_confidence,no_direct_course_quote_use_generic_safe_course_context,手持粉色气球进行演示,normal_volume,medium,true,manual_takeover,passed
RULE-00114,latest_live_01,comment_reply_arbitration,latest_live_01-RL00114,latest_live_01-SEM0008-000000244610,latest_live_01-COM00114,topic_related_not_causal,comment_visible_or_topic_context,answer_only_when_evidence_supports_or_handover,topic_related_answer_with_manual_takeover_on_low_confidence,no_direct_course_quote_use_generic_safe_course_context,双手张开后合拢，反复做手势强调；口型同步于语音内容,normal_volume,low,false,safe_generic_response,passed
RULE-00115,latest_live_01,comment_reply_arbitration,latest_live_01-RL00115,latest_live_01-SEM0073-000001741300,latest_live_01-COM00115,topic_related_not_causal,comment_visible_or_topic_context,answer_only_when_evidence_supports_or_handover,topic_related_answer_with_manual_takeover_on_low_confidence,no_direct_course_quote_use_generic_safe_course_context,手持白色骨盆模型，配合讲解做左右轻微摆动演示；后期转向左侧并继续持模型讲解,normal_volume,low,false,safe_generic_response,passed
RULE-00116,latest_live_01,comment_reply_arbitration,latest_live_01-RL00116,latest_live_01-SEM0153-000003743910,latest_live_01-COM00116,topic_related_not_causal,comment_visible_or_topic_context,answer_only_when_evidence_supports_or_handover,topic_related_answer_with_manual_takeover_on_low_confidence,no_direct_course_quote_use_generic_safe_course_context,手持骨盆模型并用手指指向模型相关部位进行讲解,normal_volume,low,false,safe_generic_response,passed
RULE-00117,latest_live_01,comment_reply_arbitration,latest_live_01-RL00117,latest_live_01-SEM0158-000003845380,latest_live_01-COM00117,insufficient_source_evidence,comment_visible_or_topic_context,answer_only_when_evidence_supports_or_handover,topic_related_answer_with_manual_takeover_on_low_confidence,no_direct_course_quote_use_generic_safe_course_context,手持粉色瑜伽球，进行动作演示。,normal_volume,medium,true,manual_takeover,passed
RULE-00118,latest_live_01,comment_reply_arbitration,latest_live_01-RL00118,latest_live_01-SEM0155-000003793910,latest_live_01-COM00118,insufficient_source_evidence,comment_visible_or_topic_context,answer_only_when_evidence_supports_or_handover,topic_related_answer_with_manual_takeover_on_low_confidence,no_direct_course_quote_use_generic_safe_course_context,手持粉色球，进行讲解和示范动作。,normal_volume,medium,true,manual_takeover,passed
RULE-00119,latest_live_01,comment_reply_arbitration,latest_live_01-RL00119,latest_live_01-SEM0036-000000843010,latest_live_01-COM00119,insufficient_source_evidence,comment_visible_or_topic_context,answer_only_when_evidence_supports_or_handover,topic_related_answer_with_manual_takeover_on_low_confidence,no_direct_course_quote_use_generic_safe_course_context,speaking_and_gesturing,normal_volume,medium,true,manual_takeover,passed
RULE-00120,latest_live_01,comment_reply_arbitration,latest_live_01-RL00120,latest_live_01-SEM0199-000004880690,latest_live_01-COM00120,insufficient_source_evidence,comment_visible_or_topic_context,answer_only_when_evidence_supports_or_handover,topic_related_answer_with_manual_takeover_on_low_confidence,no_direct_course_quote_use_generic_safe_course_context,demonstrating pelvic floor exercises with a pink ball,normal_volume,medium,true,manual_takeover,passed
RULE-00121,latest_live_01,comment_reply_arbitration,latest_live_01-RL00121,latest_live_01-SEM0213-000005305510,latest_live_01-COM00121,topic_related_not_causal,comment_visible_or_topic_context,answer_only_when_evidence_supports_or_handover,topic_related_answer_with_manual_takeover_on_low_confidence,no_direct_course_quote_use_generic_safe_course_context,手持粉色气球，用另一只手做手势讲解,normal_volume,low,false,safe_generic_response,passed
RULE-00122,latest_live_01,comment_reply_arbitration,latest_live_01-RL00122,latest_live_01-SEM0212-000005258220,latest_live_01-COM00122,topic_related_not_causal,comment_visible_or_topic_context,answer_only_when_evidence_supports_or_handover,topic_related_answer_with_manual_takeover_on_low_confidence,no_direct_course_quote_use_generic_safe_course_context,手持粉色气球，用另一只手做手势讲解,normal_volume,low,false,safe_generic_response,passed
RULE-00123,latest_live_01,comment_reply_arbitration,latest_live_01-RL00123,latest_live_01-SEM0211-000005200440,latest_live_01-COM00123,insufficient_source_evidence,comment_visible_or_topic_context,answer_only_when_evidence_supports_or_handover,topic_related_answer_with_manual_takeover_on_low_confidence,no_direct_course_quote_use_generic_safe_course_context,holding_and_moving_a_balloon,normal_volume,medium,true,manual_takeover,passed
RULE-00124,latest_live_01,comment_reply_arbitration,latest_live_01-RL00124,latest_live_01-SEM0202-000004928510,latest_live_01-COM00124,topic_related_not_causal,comment_visible_or_topic_context,answer_only_when_evidence_supports_or_handover,topic_related_answer_with_manual_takeover_on_low_confidence,no_direct_course_quote_use_generic_safe_course_context,手持粉色球体，讲解动作要领,normal_volume,low,false,safe_generic_response,passed
RULE-00125,latest_live_01,comment_reply_arbitration,latest_live_01-RL00125,latest_live_01-SEM0204-000004997300,latest_live_01-COM00125,topic_related_not_causal,comment_visible_or_topic_context,answer_only_when_evidence_supports_or_handover,topic_related_answer_with_manual_takeover_on_low_confidence,no_direct_course_quote_use_generic_safe_course_context,主播坐在粉色健身球上，用手指比划并配合语言讲解动作要领。,normal_volume,low,false,safe_generic_response,passed
RULE-00126,latest_live_01,comment_reply_arbitration,latest_live_01-RL00126,latest_live_01-SEM0059-000001463780,latest_live_01-COM00126,insufficient_source_evidence,comment_visible_or_topic_context,answer_only_when_evidence_supports_or_handover,topic_related_answer_with_manual_takeover_on_low_confidence,no_direct_course_quote_use_generic_safe_course_context,手持粉色瑜伽球进行演示和讲解,normal_volume,medium,true,manual_takeover,passed
RULE-00127,latest_live_01,comment_reply_arbitration,latest_live_01-RL00127,latest_live_01-SEM0109-000002564400,latest_live_01-COM00127,insufficient_source_evidence,comment_visible_or_topic_context,answer_only_when_evidence_supports_or_handover,topic_related_answer_with_manual_takeover_on_low_confidence,no_direct_course_quote_use_generic_safe_course_context,手持椰子油瓶，演示涂抹动作,normal_volume,medium,true,manual_takeover,passed
RULE-00128,latest_live_01,comment_reply_arbitration,latest_live_01-RL00128,latest_live_01-SEM0029-000000726930,latest_live_01-COM00128,insufficient_source_evidence,comment_visible_or_topic_context,answer_only_when_evidence_supports_or_handover,topic_related_answer_with_manual_takeover_on_low_confidence,no_direct_course_quote_use_generic_safe_course_context,手持粉色训练球，进行讲解和示范动作,normal_volume,medium,true,manual_takeover,passed
RULE-00129,latest_live_01,comment_reply_arbitration,latest_live_01-RL00129,latest_live_01-SEM0006-000000192060,latest_live_01-COM00129,insufficient_source_evidence,comment_visible_or_topic_context,answer_only_when_evidence_supports_or_handover,topic_related_answer_with_manual_takeover_on_low_confidence,no_direct_course_quote_use_generic_safe_course_context,speaking,normal_volume,medium,true,manual_takeover,passed
RULE-00130,latest_live_01,comment_reply_arbitration,latest_live_01-RL00130,latest_live_01-SEM0021-000000543670,latest_live_01-COM00130,insufficient_source_evidence,comment_visible_or_topic_context,answer_only_when_evidence_supports_or_handover,topic_related_answer_with_manual_takeover_on_low_confidence,no_direct_course_quote_use_generic_safe_course_context,双手在胸前做展开-合拢手势，配合语言节奏；身体轻微前倾,normal_volume,medium,true,manual_takeover,passed
RULE-00131,latest_live_01,comment_reply_arbitration,latest_live_01-RL00131,latest_live_01-SEM0021-000000543670,latest_live_01-COM00131,insufficient_source_evidence,comment_visible_or_topic_context,answer_only_when_evidence_supports_or_handover,topic_related_answer_with_manual_takeover_on_low_confidence,no_direct_course_quote_use_generic_safe_course_context,双手在胸前做展开-合拢手势，配合语言节奏；身体轻微前倾,normal_volume,medium,true,manual_takeover,passed
RULE-00132,latest_live_01,comment_reply_arbitration,latest_live_01-RL00132,latest_live_01-SEM0182-000004477210,latest_live_01-COM00132,topic_related_not_causal,comment_visible_or_topic_context,answer_only_when_evidence_supports_or_handover,topic_related_answer_with_manual_takeover_on_low_confidence,no_direct_course_quote_use_generic_safe_course_context,坐着进行盆底肌锻炼动作演示,normal_volume,low,false,safe_generic_response,passed
RULE-00133,latest_live_01,comment_reply_arbitration,latest_live_01-RL00133,latest_live_01-SEM0086-000001992590,latest_live_01-COM00133,insufficient_source_evidence,comment_visible_or_topic_context,answer_only_when_evidence_supports_or_handover,topic_related_answer_with_manual_takeover_on_low_confidence,no_direct_course_quote_use_generic_safe_course_context,双手交替做上提、展开、收拢等手势；配合讲解模拟肠道位置与脏腑下垂状态；身体轻微前倾后坐，节奏性摆动,normal_volume,medium,true,manual_takeover,passed
RULE-00134,latest_live_01,comment_reply_arbitration,latest_live_01-RL00134,latest_live_01-SEM0134-000003079120,latest_live_01-COM00134,topic_related_not_causal,comment_visible_or_topic_context,answer_only_when_evidence_supports_or_handover,topic_related_answer_with_manual_takeover_on_low_confidence,no_direct_course_quote_use_generic_safe_course_context,讲解动作要领，双手在胸前做演示动作,normal_volume,low,false,safe_generic_response,passed
RULE-00135,latest_live_01,comment_reply_arbitration,latest_live_01-RL00135,latest_live_01-SEM0134-000003079120,latest_live_01-COM00135,topic_related_not_causal,comment_visible_or_topic_context,answer_only_when_evidence_supports_or_handover,topic_related_answer_with_manual_takeover_on_low_confidence,no_direct_course_quote_use_generic_safe_course_context,讲解动作要领，双手在胸前做演示动作,normal_volume,low,false,safe_generic_response,passed
RULE-00136,latest_live_01,comment_reply_arbitration,latest_live_01-RL00136,latest_live_01-SEM0109-000002564400,latest_live_01-COM00136,topic_related_not_causal,comment_visible_or_topic_context,answer_only_when_evidence_supports_or_handover,topic_related_answer_with_manual_takeover_on_low_confidence,no_direct_course_quote_use_generic_safe_course_context,手持椰子油瓶，演示涂抹动作,normal_volume,low,false,safe_generic_response,passed
RULE-00137,latest_live_01,comment_reply_arbitration,latest_live_01-RL00137,latest_live_01-SEM0113-000002648220,latest_live_01-COM00137,topic_related_not_causal,comment_visible_or_topic_context,answer_only_when_evidence_supports_or_handover,topic_related_answer_with_manual_takeover_on_low_confidence,no_direct_course_quote_use_generic_safe_course_context,手持粉色健身球，演示握持与轻压动作；期间将球置于膝上，双手交替轻拍球面；最后双手合拢于胸前做总结手势,normal_volume,low,false,safe_generic_response,passed
RULE-00138,latest_live_01,comment_reply_arbitration,latest_live_01-RL00138,latest_live_01-SEM0082-000001925470,latest_live_01-COM00138,insufficient_source_evidence,comment_visible_or_topic_context,answer_only_when_evidence_supports_or_handover,topic_related_answer_with_manual_takeover_on_low_confidence,no_direct_course_quote_use_generic_safe_course_context,主播坐着，用手指指向自己，并做出手势进行讲解。,normal_volume,medium,true,manual_takeover,passed
RULE-00139,latest_live_01,comment_reply_arbitration,latest_live_01-RL00139,latest_live_01-SEM0143-000003411760,latest_live_01-COM00139,topic_related_not_causal,comment_visible_or_topic_context,answer_only_when_evidence_supports_or_handover,topic_related_answer_with_manual_takeover_on_low_confidence,no_direct_course_quote_use_generic_safe_course_context,站立，用手指点腹部，调整姿势,normal_volume,low,false,safe_generic_response,passed
RULE-00140,latest_live_01,comment_reply_arbitration,latest_live_01-RL00140,latest_live_01-SEM0122-000002827040,latest_live_01-COM00140,insufficient_source_evidence,comment_visible_or_topic_context,answer_only_when_evidence_supports_or_handover,topic_related_answer_with_manual_takeover_on_low_confidence,no_direct_course_quote_use_generic_safe_course_context,手持粉色球，随后用手指向上指,normal_volume,medium,true,manual_takeover,passed
RULE-00141,latest_live_01,comment_reply_arbitration,latest_live_01-RL00141,latest_live_01-SEM0239-000005897750,latest_live_01-COM00141,insufficient_source_evidence,comment_visible_or_topic_context,answer_only_when_evidence_supports_or_handover,topic_related_answer_with_manual_takeover_on_low_confidence,no_direct_course_quote_use_generic_safe_course_context,手持粉色气球，用手指点气球,normal_volume,medium,true,manual_takeover,passed
RULE-00142,latest_live_01,comment_reply_arbitration,latest_live_01-RL00142,latest_live_01-SEM0055-000001391240,latest_live_01-COM00142,topic_related_not_causal,comment_visible_or_topic_context,answer_only_when_evidence_supports_or_handover,topic_related_answer_with_manual_takeover_on_low_confidence,no_direct_course_quote_use_generic_safe_course_context,讲解、手势演示,normal_volume,low,false,safe_generic_response,passed
RULE-00143,latest_live_01,comment_reply_arbitration,latest_live_01-RL00143,latest_live_01-SEM0151-000003674180,latest_live_01-COM00143,topic_related_not_causal,comment_visible_or_topic_context,answer_only_when_evidence_supports_or_handover,topic_related_answer_with_manual_takeover_on_low_confidence,no_direct_course_quote_use_generic_safe_course_context,主播手持一个带有红色标记的白色人体模型，同时用手指指向模型上的特定区域进行讲解。,normal_volume,low,false,safe_generic_response,passed
RULE-00144,latest_live_01,comment_reply_arbitration,latest_live_01-RL00144,latest_live_01-SEM0174-000004268850,latest_live_01-COM00144,insufficient_source_evidence,comment_visible_or_topic_context,answer_only_when_evidence_supports_or_handover,topic_related_answer_with_manual_takeover_on_low_confidence,no_direct_course_quote_use_generic_safe_course_context,手持粉色气球进行演示,normal_volume,medium,true,manual_takeover,passed
RULE-00145,latest_live_01,comment_reply_arbitration,latest_live_01-RL00145,latest_live_01-SEM0089-000002049690,latest_live_01-COM00145,insufficient_source_evidence,comment_visible_or_topic_context,answer_only_when_evidence_supports_or_handover,topic_related_answer_with_manual_takeover_on_low_confidence,no_direct_course_quote_use_generic_safe_course_context,"gesturing with hand, pointing finger",normal_volume,medium,true,manual_takeover,passed
RULE-00146,latest_live_01,comment_reply_arbitration,latest_live_01-RL00146,latest_live_01-SEM0182-000004477210,latest_live_01-COM00146,insufficient_source_evidence,comment_visible_or_topic_context,answer_only_when_evidence_supports_or_handover,topic_related_answer_with_manual_takeover_on_low_confidence,no_direct_course_quote_use_generic_safe_course_context,坐着进行盆底肌锻炼动作演示,normal_volume,medium,true,manual_takeover,passed
RULE-00147,latest_live_01,comment_reply_arbitration,latest_live_01-RL00147,latest_live_01-SEM0144-000003477970,latest_live_01-COM00147,topic_related_not_causal,comment_visible_or_topic_context,answer_only_when_evidence_supports_or_handover,topic_related_answer_with_manual_takeover_on_low_confidence,no_direct_course_quote_use_generic_safe_course_context,坐着进行健身动作指导，伴随手势,normal_volume,low,false,safe_generic_response,passed
RULE-00148,latest_live_01,comment_reply_arbitration,latest_live_01-RL00148,latest_live_01-SEM0174-000004268850,latest_live_01-COM00148,topic_related_not_causal,comment_visible_or_topic_context,answer_only_when_evidence_supports_or_handover,topic_related_answer_with_manual_takeover_on_low_confidence,no_direct_course_quote_use_generic_safe_course_context,手持粉色气球进行演示,normal_volume,low,false,safe_generic_response,passed
RULE-00149,latest_live_01,comment_reply_arbitration,latest_live_01-RL00149,latest_live_01-SEM0067-000001631490,latest_live_01-COM00149,topic_related_not_causal,comment_visible_or_topic_context,answer_only_when_evidence_supports_or_handover,topic_related_answer_with_manual_takeover_on_low_confidence,no_direct_course_quote_use_generic_safe_course_context,sitting_on_a_bench,normal_volume,low,false,safe_generic_response,passed
RULE-00150,latest_live_01,comment_reply_arbitration,latest_live_01-RL00150,latest_live_01-SEM0070-000001708090,latest_live_01-COM00150,insufficient_source_evidence,comment_visible_or_topic_context,answer_only_when_evidence_supports_or_handover,topic_related_answer_with_manual_takeover_on_low_confidence,no_direct_course_quote_use_generic_safe_course_context,指点、手势演示,normal_volume,medium,true,manual_takeover,passed
RULE-00151,latest_live_01,comment_reply_arbitration,latest_live_01-RL00151,latest_live_01-SEM0166-000004020400,latest_live_01-COM00151,topic_related_not_causal,comment_visible_or_topic_context,answer_only_when_evidence_supports_or_handover,topic_related_answer_with_manual_takeover_on_low_confidence,no_direct_course_quote_use_generic_safe_course_context,demonstrating product usage,normal_volume,low,false,safe_generic_response,passed
RULE-00152,latest_live_01,comment_reply_arbitration,latest_live_01-RL00152,latest_live_01-SEM0065-000001581930,latest_live_01-COM00152,topic_related_not_causal,comment_visible_or_topic_context,answer_only_when_evidence_supports_or_handover,topic_related_answer_with_manual_takeover_on_low_confidence,no_direct_course_quote_use_generic_safe_course_context,holding and demonstrating a pink ball,normal_volume,low,false,safe_generic_response,passed
RULE-00153,latest_live_01,comment_reply_arbitration,latest_live_01-RL00153,latest_live_01-SEM0109-000002564400,latest_live_01-COM00153,topic_related_not_causal,comment_visible_or_topic_context,answer_only_when_evidence_supports_or_handover,topic_related_answer_with_manual_takeover_on_low_confidence,no_direct_course_quote_use_generic_safe_course_context,手持椰子油瓶，演示涂抹动作,normal_volume,low,false,safe_generic_response,passed
RULE-00154,latest_live_01,comment_reply_arbitration,latest_live_01-RL00154,latest_live_01-SEM0110-000002588840,latest_live_01-COM00154,topic_related_not_causal,comment_visible_or_topic_context,answer_only_when_evidence_supports_or_handover,topic_related_answer_with_manual_takeover_on_low_confidence,no_direct_course_quote_use_generic_safe_course_context,主播手持粉色按摩球，进行讲解和演示。,normal_volume,low,false,safe_generic_response,passed
RULE-00155,latest_live_01,comment_reply_arbitration,latest_live_01-RL00155,latest_live_01-SEM0158-000003845380,latest_live_01-COM00155,insufficient_source_evidence,comment_visible_or_topic_context,answer_only_when_evidence_supports_or_handover,topic_related_answer_with_manual_takeover_on_low_confidence,no_direct_course_quote_use_generic_safe_course_context,手持粉色瑜伽球，进行动作演示。,normal_volume,medium,true,manual_takeover,passed
RULE-00156,latest_live_01,comment_reply_arbitration,latest_live_01-RL00156,latest_live_01-SEM0151-000003674180,latest_live_01-COM00156,insufficient_source_evidence,comment_visible_or_topic_context,answer_only_when_evidence_supports_or_handover,topic_related_answer_with_manual_takeover_on_low_confidence,no_direct_course_quote_use_generic_safe_course_context,主播手持一个带有红色标记的白色人体模型，同时用手指指向模型上的特定区域进行讲解。,normal_volume,medium,true,manual_takeover,passed
RULE-00157,latest_live_01,comment_reply_arbitration,latest_live_01-RL00157,latest_live_01-SEM0177-000004340770,latest_live_01-COM00157,insufficient_source_evidence,comment_visible_or_topic_context,answer_only_when_evidence_supports_or_handover,topic_related_answer_with_manual_takeover_on_low_confidence,no_direct_course_quote_use_generic_safe_course_context,holding and manipulating a pink ball,normal_volume,medium,true,manual_takeover,passed
RULE-00158,latest_live_01,comment_reply_arbitration,latest_live_01-RL00158,latest_live_01-SEM0086-000001992590,latest_live_01-COM00158,insufficient_source_evidence,comment_visible_or_topic_context,answer_only_when_evidence_supports_or_handover,topic_related_answer_with_manual_takeover_on_low_confidence,no_direct_course_quote_use_generic_safe_course_context,双手交替做上提、展开、收拢等手势；配合讲解模拟肠道位置与脏腑下垂状态；身体轻微前倾后坐，节奏性摆动,normal_volume,medium,true,manual_takeover,passed
RULE-00159,latest_live_01,comment_reply_arbitration,latest_live_01-RL00159,latest_live_01-SEM0101-000002356400,latest_live_01-COM00159,insufficient_source_evidence,comment_visible_or_topic_context,answer_only_when_evidence_supports_or_handover,topic_related_answer_with_manual_takeover_on_low_confidence,no_direct_course_quote_use_generic_safe_course_context,讲解动作要领，用手指点按演示,normal_volume,medium,true,manual_takeover,passed
RULE-00160,latest_live_01,comment_reply_arbitration,latest_live_01-RL00160,latest_live_01-SEM0099-000002294520,latest_live_01-COM00160,insufficient_source_evidence,comment_visible_or_topic_context,answer_only_when_evidence_supports_or_handover,topic_related_answer_with_manual_takeover_on_low_confidence,no_direct_course_quote_use_generic_safe_course_context,demonstrating pelvic floor engagement with hand gestures and upper body movement; mouth open mid-speech; eyes closed briefly then opened,high_emphasis,medium,true,manual_takeover,passed
RULE-00161,latest_live_01,comment_reply_arbitration,latest_live_01-RL00161,latest_live_01-SEM0166-000004020400,latest_live_01-COM00161,insufficient_source_evidence,comment_visible_or_topic_context,answer_only_when_evidence_supports_or_handover,topic_related_answer_with_manual_takeover_on_low_confidence,no_direct_course_quote_use_generic_safe_course_context,demonstrating product usage,normal_volume,medium,true,manual_takeover,passed
RULE-00162,latest_live_01,comment_reply_arbitration,latest_live_01-RL00162,latest_live_01-SEM0174-000004268850,latest_live_01-COM00162,insufficient_source_evidence,comment_visible_or_topic_context,answer_only_when_evidence_supports_or_handover,topic_related_answer_with_manual_takeover_on_low_confidence,no_direct_course_quote_use_generic_safe_course_context,手持粉色气球进行演示,normal_volume,medium,true,manual_takeover,passed
RULE-00163,latest_live_01,comment_reply_arbitration,latest_live_01-RL00163,latest_live_01-SEM0180-000004402040,latest_live_01-COM00163,topic_related_not_causal,comment_visible_or_topic_context,answer_only_when_evidence_supports_or_handover,topic_related_answer_with_manual_takeover_on_low_confidence,no_direct_course_quote_use_generic_safe_course_context,手持粉色气球进行盆底肌锻炼演示,normal_volume,low,false,safe_generic_response,passed
RULE-00164,latest_live_01,comment_reply_arbitration,latest_live_01-RL00164,latest_live_01-SEM0168-000004098120,latest_live_01-COM00164,insufficient_source_evidence,comment_visible_or_topic_context,answer_only_when_evidence_supports_or_handover,topic_related_answer_with_manual_takeover_on_low_confidence,no_direct_course_quote_use_generic_safe_course_context,手持打气筒，讲解并示范动作,normal_volume,medium,true,manual_takeover,passed
RULE-00165,latest_live_01,comment_reply_arbitration,latest_live_01-RL00165,latest_live_01-SEM0086-000001992590,latest_live_01-COM00165,insufficient_source_evidence,comment_visible_or_topic_context,answer_only_when_evidence_supports_or_handover,topic_related_answer_with_manual_takeover_on_low_confidence,no_direct_course_quote_use_generic_safe_course_context,双手交替做上提、展开、收拢等手势；配合讲解模拟肠道位置与脏腑下垂状态；身体轻微前倾后坐，节奏性摆动,normal_volume,medium,true,manual_takeover,passed
RULE-00166,latest_live_01,comment_reply_arbitration,latest_live_01-RL00166,latest_live_01-SEM0065-000001581930,latest_live_01-COM00166,topic_related_not_causal,comment_visible_or_topic_context,answer_only_when_evidence_supports_or_handover,topic_related_answer_with_manual_takeover_on_low_confidence,no_direct_course_quote_use_generic_safe_course_context,holding and demonstrating a pink ball,normal_volume,low,false,safe_generic_response,passed
RULE-00167,latest_live_01,comment_reply_arbitration,latest_live_01-RL00167,latest_live_01-SEM0225-000005580480,latest_live_01-COM00167,insufficient_source_evidence,comment_visible_or_topic_context,answer_only_when_evidence_supports_or_handover,topic_related_answer_with_manual_takeover_on_low_confidence,no_direct_course_quote_use_generic_safe_course_context,speaking_and_gesturing,normal_volume,medium,true,manual_takeover,passed
RULE-00168,latest_live_01,comment_reply_arbitration,latest_live_01-RL00168,latest_live_01-SEM0239-000005897750,latest_live_01-COM00168,topic_related_not_causal,comment_visible_or_topic_context,answer_only_when_evidence_supports_or_handover,topic_related_answer_with_manual_takeover_on_low_confidence,no_direct_course_quote_use_generic_safe_course_context,手持粉色气球，用手指点气球,normal_volume,low,false,safe_generic_response,passed
RULE-00169,latest_live_01,comment_reply_arbitration,latest_live_01-RL00169,latest_live_01-SEM0148-000003617360,latest_live_01-COM00169,insufficient_source_evidence,comment_visible_or_topic_context,answer_only_when_evidence_supports_or_handover,topic_related_answer_with_manual_takeover_on_low_confidence,no_direct_course_quote_use_generic_safe_course_context,holding and displaying a product,normal_volume,medium,true,manual_takeover,passed
RULE-00170,latest_live_01,comment_reply_arbitration,latest_live_01-RL00170,latest_live_01-SEM0010-000000322680,latest_live_01-COM00170,insufficient_source_evidence,comment_visible_or_topic_context,answer_only_when_evidence_supports_or_handover,topic_related_answer_with_manual_takeover_on_low_confidence,no_direct_course_quote_use_generic_safe_course_context,speaking,normal_volume,medium,true,manual_takeover,passed
RULE-00171,latest_live_01,comment_reply_arbitration,latest_live_01-RL00171,latest_live_01-SEM0061-000001501960,latest_live_01-COM00171,insufficient_source_evidence,comment_visible_or_topic_context,answer_only_when_evidence_supports_or_handover,topic_related_answer_with_manual_takeover_on_low_confidence,no_direct_course_quote_use_generic_safe_course_context,speaking and gesturing,normal_volume,medium,true,manual_takeover,passed
RULE-00172,latest_live_01,comment_reply_arbitration,latest_live_01-RL00172,latest_live_01-SEM0077-000001813910,latest_live_01-COM00172,insufficient_source_evidence,comment_visible_or_topic_context,answer_only_when_evidence_supports_or_handover,topic_related_answer_with_manual_takeover_on_low_confidence,no_direct_course_quote_use_generic_safe_course_context,speaking and gesturing,normal_volume,medium,true,manual_takeover,passed
RULE-00173,latest_live_01,comment_reply_arbitration,latest_live_01-RL00173,latest_live_01-SEM0024-000000622240,latest_live_01-COM00173,insufficient_source_evidence,comment_visible_or_topic_context,answer_only_when_evidence_supports_or_handover,topic_related_answer_with_manual_takeover_on_low_confidence,no_direct_course_quote_use_generic_safe_course_context,speaking and gesturing,normal_volume,medium,true,manual_takeover,passed
RULE-00174,latest_live_01,comment_reply_arbitration,latest_live_01-RL00174,latest_live_01-SEM0142-000003321350,latest_live_01-COM00174,insufficient_source_evidence,comment_visible_or_topic_context,answer_only_when_evidence_supports_or_handover,topic_related_answer_with_manual_takeover_on_low_confidence,no_direct_course_quote_use_generic_safe_course_context,站立，手部动作，转身,normal_volume,medium,true,manual_takeover,passed
RULE-00175,latest_live_01,comment_reply_arbitration,latest_live_01-RL00175,latest_live_01-SEM0040-000000923500,latest_live_01-COM00175,insufficient_source_evidence,comment_visible_or_topic_context,answer_only_when_evidence_supports_or_handover,topic_related_answer_with_manual_takeover_on_low_confidence,no_direct_course_quote_use_generic_safe_course_context,speaking and gesturing,normal_volume,medium,true,manual_takeover,passed
RULE-00176,latest_live_01,comment_reply_arbitration,latest_live_01-RL00176,latest_live_01-SEM0086-000001992590,latest_live_01-COM00176,insufficient_source_evidence,comment_visible_or_topic_context,answer_only_when_evidence_supports_or_handover,topic_related_answer_with_manual_takeover_on_low_confidence,no_direct_course_quote_use_generic_safe_course_context,双手交替做上提、展开、收拢等手势；配合讲解模拟肠道位置与脏腑下垂状态；身体轻微前倾后坐，节奏性摆动,normal_volume,medium,true,manual_takeover,passed
RULE-00177,latest_live_01,comment_reply_arbitration,latest_live_01-RL00177,latest_live_01-SEM0082-000001925470,latest_live_01-COM00177,insufficient_source_evidence,comment_visible_or_topic_context,answer_only_when_evidence_supports_or_handover,topic_related_answer_with_manual_takeover_on_low_confidence,no_direct_course_quote_use_generic_safe_course_context,主播坐着，用手指指向自己，并做出手势进行讲解。,normal_volume,medium,true,manual_takeover,passed
RULE-00178,latest_live_01,comment_reply_arbitration,latest_live_01-RL00178,latest_live_01-SEM0079-000001864220,latest_live_01-COM00178,topic_related_not_causal,comment_visible_or_topic_context,answer_only_when_evidence_supports_or_handover,topic_related_answer_with_manual_takeover_on_low_confidence,no_direct_course_quote_use_generic_safe_course_context,主播在瑜伽球上进行演示，并用手指指向特定部位。,normal_volume,low,false,safe_generic_response,passed
RULE-00179,latest_live_01,comment_reply_arbitration,latest_live_01-RL00179,latest_live_01-SEM0073-000001741300,latest_live_01-COM00179,insufficient_source_evidence,comment_visible_or_topic_context,answer_only_when_evidence_supports_or_handover,topic_related_answer_with_manual_takeover_on_low_confidence,no_direct_course_quote_use_generic_safe_course_context,手持白色骨盆模型，配合讲解做左右轻微摆动演示；后期转向左侧并继续持模型讲解,normal_volume,medium,true,manual_takeover,passed
RULE-00180,latest_live_01,comment_reply_arbitration,latest_live_01-RL00180,latest_live_01-SEM0086-000001992590,latest_live_01-COM00180,insufficient_source_evidence,comment_visible_or_topic_context,answer_only_when_evidence_supports_or_handover,topic_related_answer_with_manual_takeover_on_low_confidence,no_direct_course_quote_use_generic_safe_course_context,双手交替做上提、展开、收拢等手势；配合讲解模拟肠道位置与脏腑下垂状态；身体轻微前倾后坐，节奏性摆动,normal_volume,medium,true,manual_takeover,passed
